date,portfolio_return,benchmark_return,excess_return,portfolio_cumulative,benchmark_cumulative,excess_cumulative
2023-08-31,0.0,0.004208337490695157,-0.004208337490695157,1.0,1.0042083374906952,-0.004208337490695158
2023-09-01,-0.0047027091774503,-0.00459571065183637,-0.0001069985256139305,0.9952972908225497,0.9995932865374263,-0.004295995714876599
2023-09-05,0.0037105134283360146,0.006715504698450155,-0.0030049912701141405,0.9989903547853332,1.0063060599497076,-0.007315705164374409
2023-09-06,-0.014622155881663322,-0.016902708499043934,0.002280552617380612,0.9843829620933839,0.9892967619575562,-0.004913799864172286
2023-09-07,-0.006663827222061982,-0.008508568289799104,0.001844741067737122,0.9778232041136521,0.9808792628995633,-0.0030560587859111976
2023-09-08,-0.0009429651097573205,0.0027878230017312033,-0.0037307881114885238,0.9769011509486618,0.9836137806705959,-0.006712629721934094
2023-09-11,0.013213143376748112,0.0171712834822403,-0.003958140105492187,0.9898090859210568,1.000503691735529,-0.010694605814472236
2023-09-12,-0.01401552841145894,-0.01538007579186319,0.0013645473804042504,0.97593638855541,0.9851158691265977,-0.00917948057118767
2023-09-13,0.008882043931325738,0.008052024733938682,0.0008300191973870559,0.9846046984327386,0.9930480464706004,-0.008443348037861842
2023-09-14,0.009198861665157126,0.00888350947611514,0.00031535218904198657,0.993661940848485,1.0018697982016596,-0.00820785735317453
2023-09-15,-0.02350275757893627,-0.018219889766240758,-0.005282867812695512,0.9703081451373078,0.9836158409182995,-0.013307695780991668
2023-09-18,0.0021602726092382085,0.0019047944744036498,0.0002554781348345586,0.9724042752457687,0.9854894269370166,-0.01308515169124791
2023-09-19,-0.005439088971533278,-0.0011623362113562536,-0.004276752760177025,0.9671152818764076,0.984343956890179,-0.017228675013771344
2023-09-20,-0.024942511083652214,-0.022291564512331705,-0.0026509465713205095,0.9429929982390359,0.9624013900728376,-0.01940839183380172
2023-09-21,-0.024959123666989602,-0.01866331725290209,-0.006295806414087512,0.9194567193788825,0.9444397876052744,-0.024983068226391847
2023-09-22,0.003933724085710469,-0.0009884735597441047,0.004922197645454573,0.9230736084216715,0.9435062338464563,-0.020432625424784745
2023-09-25,0.008818697018878241,0.007671358486287973,0.0011473385325902682,0.9312139149004648,0.9507442084003399,-0.019530293499875118
2023-09-26,-0.017950028991579003,-0.01977017732215606,0.001820148330577056,0.9144985981306396,0.9319478268122523,-0.017449228681612694
2023-09-27,0.012407522323942212,0.000704695106269941,0.011702827217672272,0.9258452599021593,0.9326045658851058,-0.006759305982946495
2023-09-28,0.01629498900132572,0.007988147866097767,0.008306841135227953,0.9409318982291945,0.9400543490579938,0.0008775491712007533
2023-09-29,0.0046490482202746946,0.0029708190383625492,0.0016782291819121453,0.9453063359960567,0.9428470804152709,0.0024592555807858574
2023-10-02,0.019509061876598927,0.01844604992072298,0.001063011955875947,0.9637483757973448,0.9602388847282189,0.003509491069125903
2023-10-03,-0.031030623229188016,-0.020124365683872294,-0.010906257545315722,0.9338426630602356,0.9409146862680745,-0.007072023207838951
2023-10-04,0.022788498104341665,0.0177882599138605,0.005000238190481166,0.9551235348171371,0.9576519212641796,-0.002528386447042563
2023-10-05,0.00554666307293251,0.0018707433404657314,0.003675919732466779,0.9604212832577962,0.9594434422183687,0.0009778410394274406
2023-10-06,0.028181101068144723,0.019341807792825745,0.008839293275318977,0.9874870125092814,0.9780008128658436,0.009486199643437776
2023-10-09,0.00904239218854791,0.004756110979088624,0.004286281209459286,0.9964162573574877,0.9826522932694725,0.01376396408801528
2023-10-10,0.006512920544949534,0.0020555789233130547,0.0044573416216364785,1.0029058372713529,0.9846722126124624,0.018233624658890446
2023-10-11,0.01697091828087989,0.013301724207145585,0.0036691940737343057,1.0199260702791024,0.9977700508190732,0.022156019460029208
2023-10-12,0.00015563230735566905,-0.0014216328283703401,0.0015772651357260092,1.0200848037267523,0.9963515881596641,0.023733215567088184
2023-10-13,-0.026205993533684,-0.01689613268133074,-0.00930986085235326,0.9933524679564797,0.9795170995288638,0.013835368427615902
2023-10-16,0.013742536162808969,0.01164192009712253,0.0021006160656864385,1.0070036501697872,0.9909205593353441,0.016083090834443148
2023-10-17,-0.012030484365595735,-0.006953736283581928,-0.005076748082013807,0.9948889085003217,0.9840299590877465,0.010858949412575258
2023-10-18,-0.027794944536197498,-0.016567792721574916,-0.011227151814622582,0.9672360264688773,0.9677267546937608,-0.0004907282248834965
2023-10-19,-0.0056972150872000825,-0.00804825447826944,0.0023510393910693567,0.9617254747859953,0.9599382435065557,0.0017872312794396938
2023-10-20,-0.022619514164380527,-0.017475302248868552,-0.0051442119155119745,0.9399717117868279,0.9431630325610306,-0.0031913207742026994
2023-10-23,0.018968715816300233,0.00934751698309447,0.009621198833205762,0.9578017680630736,0.9519792650257218,0.005822503037351767
2023-10-24,0.016471947434676438,0.00924123850645181,0.007230708928224628,0.9735786284394486,0.9607767324670212,0.012801895972427424
2023-10-25,-0.04078665230089134,-0.027583124740684764,-0.013203527560206575,0.9338696154337102,0.9342755080074359,-0.00040589257372569687
2023-10-26,-0.032028495220141305,-0.029070054636355466,-0.002958440583785839,0.9039591769195564,0.9071160679442509,-0.003156891024694519
2023-10-27,0.007848281206722676,0.01443939102171163,-0.006591109814988954,0.9110537027394187,0.9202142715513755,-0.009160568811956815
2023-10-30,0.013106556785893746,0.015631788951092688,-0.002525232165198942,0.9229944798293716,0.93459886683405,-0.011604387004678474
2023-10-31,-0.0006485703668672972,0.0011155558508297695,-0.0017641262176970667,0.9223958529609722,0.9356414640681257,-0.013245611107153499
2023-11-01,0.02646026613877554,0.024276201481636506,0.0021840646571390336,0.9468026927156225,0.9583552847644168,-0.01155259204879433
2023-11-02,0.03333145211289672,0.015908532931131106,0.01742291918176561,0.9783610013282349,0.9736013113718149,0.004759689956419955
2023-11-03,0.02236613504061473,0.009140431184095375,0.013225703856519354,1.0002431556024134,0.9825004471591541,0.017742708443259314
2023-11-06,0.007162108969905399,0.009652191852378663,-0.002490082882473264,1.00740700607924,0.991983729970182,0.015423276109057915
2023-11-07,0.009420942765474774,0.011915324262328249,-0.0024943814968534754,1.0168977298250508,1.0038035377757306,0.013094192049320164
2023-11-08,0.005481854020520762,0.005295628237519747,0.00018622578300101465,1.0224722147337508,1.009119308135298,0.013352906598452785
2023-11-09,-0.0027288826373483037,-0.0073661868744695925,0.004637304237121289,1.0196820080597928,1.001685946732938,0.01799606132685483
2023-11-10,0.032037994851200596,0.024350617360519813,0.007687377490680783,1.0523505749838744,1.026077617937242,0.02627295704663246
2023-11-13,-0.0005135288864390642,-0.0025827252490289118,0.0020691963625898476,1.0518101625649594,1.023427541365932,0.028382621199027458
2023-11-14,0.017205989883016234,0.018429373910396254,-0.0012233840273800194,1.0699075975809056,1.0422886701959622,0.027618927384943426
2023-11-15,-0.005356996784947647,-0.0011597844442471244,-0.004197212340700522,1.0641761060204737,1.0410798400098538,0.02309626601061998
2023-11-16,0.007906223903165576,0.006627740689660976,0.0012784832135045998,1.0725897205870705,1.0479798472266728,0.02460987336039766
2023-11-17,-0.0004495815088580761,-0.0026882628897566927,0.0022386813808986166,1.0721075040821033,1.0451626018941604,0.026944902187942876
2023-11-20,0.020138641962774137,0.013043570349954075,0.007095071612820062,1.0936982932524162,1.0587952538191079,0.0349030394333083
2023-11-21,-0.01602592704429722,-0.005818089863493199,-0.010207837180804022,1.0761707641962805,1.0526350878853483,0.02353567631093223
2023-11-22,-0.0014739301137949338,0.004026629251690255,-0.0055005593654851885,1.0745845636993459,1.0568736591215828,0.01771090457776303
2023-11-24,-0.011745046774629193,-0.005840069011091861,-0.005904977763537332,1.0619635177354025,1.0507014440163076,0.011262073719094934
2023-11-27,0.0018751443741188592,0.00045605882786856923,0.0014190855462502898,1.0639548526512037,1.0511806256853056,0.012774226965898139
2023-11-28,0.0036652587836278777,0.0060340289159127695,-0.002368770132284892,1.0678545225202671,1.057523479976538,0.010331042543729074
2023-11-29,-0.0030646486571952046,-0.00791308533341482,0.004848436676219616,1.0645819235917455,1.049155206437394,0.015426717154351621
2023-11-30,-0.010148051677165692,-0.007271938420226609,-0.0028761132569390824,1.05377849121656,1.041525814382921,0.012252676833639065
2023-12-01,-0.00016235610590792523,-0.0014918573059622727,0.0013295012000543475,1.0536074038442365,1.0399720064873854,0.013635397356851042
2023-12-04,-0.023073633725124745,-0.015073420969105973,-0.008000212756018771,1.029296852517855,1.0242960706375153,0.0050007818803397
2023-12-05,0.010099140139277532,0.012821611740448921,-0.0027224716011713893,1.03969186567635,1.037429197162497,0.00226266851385315
2023-12-06,-0.017970732822818865,-0.009435387681113013,-0.008535345141705852,1.0210078409402223,1.027640650495563,-0.006632809555340735
2023-12-07,0.01959009982191572,0.018773821567832607,0.0008162782540831123,1.0410094864631998,1.0469333927038182,-0.005923906240618448
2023-12-08,0.015148831616934661,0.006765447003669012,0.008383384613265649,1.0567795638852624,1.0540163650885275,0.0027631987967349225
2023-12-11,-0.0048681430626911475,-0.008754243540412834,0.003886100477721687,1.0516350097825407,1.0447892491329618,0.006845760649578869
2023-12-12,0.014351713230922445,0.009198465891844743,0.005153247339077701,1.0667277738665382,1.0543997074052773,0.012328066461260834
2023-12-13,0.005566385766639191,0.0075932724057526145,-0.002026886639113424,1.0726655921638677,1.0624060516081515,0.010259540555716207
2023-12-14,-0.0017486658670404708,-0.002543792912897432,0.0007951270458569613,1.070789858456102,1.0597035106234514,0.011086347832650612
2023-12-15,0.010113946511922127,0.0077912227949699575,0.002322723716952169,1.0816197698100358,1.0679598967713304,0.013659873038705417
2023-12-18,0.01404255414713227,0.010118048201301855,0.003924505945830416,1.0968084739942021,1.0787655664839202,0.018042907510281925
2023-12-19,0.0015137952327664518,0.0038092746408398604,-0.002295479408073409,1.0984688174333923,1.0828748807997386,0.015593936633653716
2023-12-20,-0.019027083106617472,-0.010926861010410092,-0.00810022209620738,1.0775681599540594,1.0710424574855755,0.00652570246848394
2023-12-21,0.016314364076612107,0.01085887410390505,0.005455489972707056,1.095147999232915,1.0826727726913485,0.012475226541566409
2023-12-22,-0.001021638108990567,-0.0010613145616097336,3.967645261916653e-05,1.0940291543019138,1.0815237163122329,0.012505437989680956
2023-12-26,0.005413159696044679,0.002034577697544157,0.003378581998500522,1.099951308826279,1.0837241603448067,0.01622714848147222
2023-12-27,-0.0005472232730149394,0.0003811101756788122,-0.0009283334486937516,1.099349389870906,1.084137178649943,0.015212211220962946
2023-12-28,0.0009934967677274063,-0.0008074179286669527,0.001800914696394359,1.1004415899363458,1.0832618268547667,0.01717976308157909
2023-12-29,-0.0050149401059666095,-0.004938127445007803,-7.681266095880667e-05,1.0949229412727004,1.077912541897446,0.017010399375254392
2024-01-02,-0.02296911324814628,-0.020292772245343958,-0.002676341002802323,1.0697735322366142,1.0560387081843214,0.01373482405229276
2024-01-03,-0.008941451300049842,-0.007550721835603975,-0.0013907294644458675,1.0602082042960381,1.048064853651191,0.012143350644847173
2024-01-04,-0.002584174306973651,-0.009363905361948527,0.006779731054974876,1.0574684414944535,1.0382508735484168,0.019217567946036684
2024-01-05,0.006400116519787603,0.0019963756121246755,0.004403740907662927,1.064236362736016,1.040323612271636,0.023912750464380128
2024-01-08,0.03483828306174467,0.02594378256003272,0.00889450050171195,1.1013125303856148,1.067313541860479,0.03399898852513572
2024-01-09,0.006083428330128378,0.004296111481481013,0.0017873168486473648,1.108012286233288,1.0718988398220062,0.03611344641128178
2024-01-10,0.014600849930713694,0.01326941994275633,0.0013314299879573638,1.1241902073459673,1.0861223156637576,0.0380678916822097
2024-01-11,0.006254645776661258,0.0012081982516862248,0.005046447524975034,1.1312216188785076,1.08743456674666,0.043787052131847526
2024-01-12,0.0016985048740705935,0.0016023074412796622,9.619743279093125e-05,1.1331430043118267,1.089176971244863,0.04396603306696378
2024-01-16,0.008490857688916595,-0.0005694199075935055,0.0090602775965101,1.1427643603026298,1.0885567721945437,0.054207588108086124
2024-01-17,-0.006630768529570206,-0.005873973518708801,-0.0007567950108614049,1.1351869543456208,1.0821626185410618,0.05302433580455901
2024-01-18,0.017002568441721502,0.0175166708245768,-0.0005141023828552985,1.1544880482310316,1.1011185049087078,0.0533695433223238
2024-01-19,0.028600835365259727,0.019332977460504105,0.009267857904755622,1.1875073708296475,1.1224064041454518,0.06510096668419574
2024-01-22,0.0033912594673675754,0.00047899303102818023,0.0029122664363393953,1.1915345164435422,1.1229440289910189,0.06859048745252339
2024-01-23,0.0028140226400722077,0.0059773255522399486,-0.003163302912167741,1.1948875215492418,1.1296562310292422,0.06523129051999965
2024-01-24,0.010148853118270426,0.0078678934457121,0.002280959672558326,1.2070142594982993,1.138544245885265,0.06847001361303429
2024-01-25,0.0013960429421473887,-0.0012368191512793741,0.0026328620934267626,1.2086993032363431,1.1371360725573751,0.07156323067896797
2024-01-26,-0.0049245440424348285,-0.002914350658181697,-0.0020101933842531314,1.2027470102834954,1.1338220592958754,0.06892495098761997
2024-01-29,0.018342999127479827,0.011782746557273047,0.00656025257020678,1.2248089976437044,1.1471815972616042,0.07762740038210025
2024-01-30,-0.004659526478783428,-0.008501721483517362,0.0038421950047339342,1.2191019676877315,1.1374285788306695,0.08167338885706199
2024-01-31,-0.027100934008498355,-0.030167235297803147,0.0030663012893047924,1.1860631657117957,1.1031155032586388,0.08294766245315688
2024-02-01,0.01997276902282535,0.01570764956598431,0.004265119456841042,1.2097521313670383,1.12044285501463,0.08930927635240837
2024-02-02,0.04248559546885559,0.03624256161784263,0.0062430338510129565,1.2611491710378842,1.1610505742267692,0.10009859681111499
2024-02-05,0.010660909734809277,0.0009429341915368955,0.009717975543272382,1.2745941685124487,1.162145368511311,0.11244880000113766
2024-02-06,0.015896675283082612,-0.00082692375801386,0.016723599041096472,1.294855978127002,1.1611843628958232,0.13367161523117876
2024-02-07,0.026554155897447064,0.015390583670173505,0.01116357222727356,1.3292397856349278,1.1790556679894686,0.15018411764545925
2024-02-08,0.0030405841909428816,-0.0009019989546019549,0.003942583145544836,1.3332814511131017,1.1779921610095245,0.15528929010357717
2024-02-09,0.020479599687992928,0.015895268695568388,0.004584330992424539,1.3605865215033244,1.1967166629300443,0.16386985857328007
2024-02-12,-0.005201659522050192,-0.008923053383103082,0.0037213938610528904,1.3535092136681734,1.1860382962622706,0.1674709174059028
2024-02-13,-0.012929268650715465,-0.015623680414549602,0.0026944117638341373,1.336009329423439,1.1675080129620519,0.1685013164613871
2024-02-14,0.019363165169020993,0.010953809506687211,0.008409355662333782,1.361878698736418,1.1802966733335691,0.18158202540284885
2024-02-15,-0.009770416092802011,-0.003098074047770415,-0.006672342045031596,1.3485725771818393,1.1766400268412447,0.17193255034059463
2024-02-16,-0.009077219572791647,-0.008480830031203488,-0.000596389541588159,1.3363312877889142,1.1666611427656934,0.16967014502322075
2024-02-20,-0.02005377553048342,-0.010969201884282041,-0.00908457364620138,1.3095328001092335,1.1538638011601494,0.15566899894908404
2024-02-21,-0.012745577525774635,-0.001078172522000599,-0.011667405003774035,1.2928420482828964,1.1526197369156075,0.1402223113672889
2024-02-22,0.0731554284453001,0.041083869936276274,0.03207155850902382,1.387420462237131,1.1999738162730333,0.18744664596409755
2024-02-23,-0.002761232004724662,-0.00400200768753983,0.001240775682815168,1.3835894724527917,1.1951715118354622,0.18841796061732952
2024-02-26,-0.000616257224074939,-0.0061713182383767795,0.005555061014301841,1.3827368254452386,1.1877957280864837,0.19494109735875487
2024-02-27,0.0024699364822532133,0.0021350480447055883,0.00033488843754762507,1.3861520975757606,1.1903317290332442,0.1958203685425164
2024-02-28,-0.007695212423891767,-0.0059989725471303965,-0.0016962398767613705,1.3754853627330919,1.1831909616687954,0.1922944010642964
2024-02-29,0.01688314102983696,0.01119898245583481,0.0056841585740021495,1.398707876096591,1.1964414964904264,0.20226637960616456
2024-03-01,0.024618377289359738,0.011320714302781,0.013297662986578737,1.4331417943079359,1.2099860688521862,0.2231557254557497
2024-03-04,0.004969774596126926,-0.0077581256622535864,0.012727900258380512,1.4402641859899354,1.2005988448804548,0.23966534110948068
2024-03-05,-0.014191398129570626,-0.018928653727656033,0.004737255598085407,1.4198248235147903,1.1778731250798888,0.2419516984349015
2024-03-06,0.01454515710994338,0.0027914861432202626,0.011753670966723117,1.4404763986414104,1.181161141587021,0.2593152570543895
2024-03-07,0.029279537537934094,0.021530453107295542,0.007749084430638552,1.4826528814279396,1.20659207615812,0.2760608052698197
2024-03-08,-0.028646832989549557,-0.01414298242413968,-0.014503850565409877,1.440179571952199,1.1895272656319094,0.2506523063202897
2024-03-11,-0.01343486669083385,-0.006741591702691821,-0.006693274988142029,1.420830951392159,1.1815079584877997,0.23932299290435943
2024-03-12,0.033566916171257316,0.0236942581396994,0.009872658031557915,1.4685238648310674,1.209502913050319,0.25902095178074847
2024-03-13,-0.00508182151834651,-0.006013902373173456,0.0009320808548269463,1.4610610886545636,1.2022290806111655,0.2588320080433981
2024-03-14,-0.0014111921855888172,0.0042664199966685815,-0.005677612182257399,1.4589992506635865,1.2073582948012616,0.25164095586232493
2024-03-15,-0.013293883551185019,-0.0120349032267406,-0.001258980324444419,1.4396034845239987,1.1928278545633257,0.24677562996067293
2024-03-18,0.012833379997662007,0.0134992865728687,-0.0006659065752066921,1.4580784630868535,1.2089301796041763,0.24914828348267726
2024-03-19,0.005073543830349095,0.006119853447565133,-0.0010463096172160383,1.4654760880774127,1.2163286551316923,0.2491474329457204
2024-03-20,0.01520176817198551,0.013899568877263799,0.001302199294721711,1.487753915829954,1.233235099051085,0.254518816778869
2024-03-21,0.014640307558976764,-0.0015843342865654387,0.016224641845542204,1.5095350907297764,1.2312812424002624,0.27825384832951405
2024-03-22,0.011890386212364048,0.008840066174130778,0.0030503200382332694,1.5274840459596695,1.2421658500620467,0.28531819589762275
2024-03-25,-0.0014179778551483076,-0.0035191439902052977,0.00210116613505699,1.5253181074084063,1.2377944895759627,0.2875236178324436
2024-03-26,-0.009799535598576475,-0.007056575646759493,-0.0027429599518169817,1.5103706983157044,1.2290598991251278,0.28131079919057655
2024-03-27,-0.009247003469177794,0.0006509605206528901,-0.009897963989830684,1.4964042952286345,1.2298599685969758,0.2665443266316587
2024-03-28,-0.0031903883689924206,-0.004003860449710631,0.0008134720807182107,1.4916301843698268,1.2249357809100279,0.2666944034597989
2024-04-01,0.008633442290076336,0.0070372535656267,0.0015961887244496358,1.5045080874847194,1.2335559646019008,0.27095212288281867
2024-04-02,-0.005687790927994161,-0.006779853324412276,0.001092062396418115,1.49595076003363,1.225192636094446,0.27075812393918386
2024-04-03,0.005711193524663564,0.004350268108091053,0.0013609254165725115,1.5044944243275498,1.230522552545516,0.27397187178203386
2024-04-04,-0.022803718180739792,-0.013754130443331231,-0.00904958773740856,1.47018635747069,1.213597784844344,0.25658857262634593
2024-04-05,0.02255319284512321,0.01619336341596252,0.0063598294291606905,1.5033437539089958,1.2332500148151355,0.27009373909386025
2024-04-08,-0.0027567822061766397,-0.0007664567537388459,-0.001990325452437794,1.4991993625984528,1.232304782012232,0.26689458058622084
2024-04-09,-0.0057063917167594885,0.001253368750704571,-0.006959760467464059,1.4906443437739498,1.23384931431735,0.25679502945659993
2024-04-10,0.005149732809570047,-0.0017325327190754003,0.006882265528645447,1.4983207638584826,1.2317116300098865,0.2666091338485961
2024-04-11,0.025192180919590985,0.024874016703219613,0.00031816421637137146,1.5360667316171852,1.262349245668302,0.2737174859488831
2024-04-12,-0.019710908140297644,-0.013360921050829696,-0.006349987089467948,1.5057894613729117,1.2454830970583535,0.2603063643145582
2024-04-15,-0.02249743669120543,-0.021644764663023418,-0.000852672028182011,1.4719130582953903,1.218524908530752,0.2533881497646384
2024-04-16,0.006456581672378953,-0.001650909072559475,0.008107490744938429,1.4814165851709156,1.2165132347041188,0.2649033504667968
2024-04-17,-0.01821361467165732,-0.012624490767272374,-0.005589123904384945,1.4544346343204102,1.201155374604332,0.25327925971607823
2024-04-18,-0.004115720516628006,-0.005915126195845677,0.0017994056792176713,1.4484485878558433,1.194050388982729,0.2543981988731143
2024-04-19,-0.048480688651315024,-0.03196548962526394,-0.016515199026051086,1.3782268028405673,1.1558819836616592,0.22234481917890814
2024-04-22,0.02090070352835205,0.011972596482036565,0.008928107046315484,1.4070327126415667,1.169720892232896,0.2373118204086706
2024-04-23,0.0254562246457591,0.018307971450699942,0.007148253195059157,1.442850453458502,1.1911361089331833,0.2517143445253187
2024-04-24,-0.005926832801065601,0.0006189779127022114,-0.006545810713767812,1.4342989200639118,1.191873395875635,0.2424255241882769
2024-04-25,0.0008212406058793875,-0.010163713102479374,0.010984953708358761,1.4354768245780372,1.1797595366254772,0.25571728795256
2024-04-26,0.046983073809586835,0.03332088852215497,0.013662185287431863,1.5029199381791385,1.219070172628324,0.28384976555081454
2024-04-29,-0.005896180064556121,0.002199774996400204,-0.008095955060956325,1.4940584516010227,1.221751852712929,0.2723065988880937
2024-04-30,-0.022665515273656955,-0.024057537857970587,0.001392022584313632,1.4601948469465234,1.192359511263242,0.26783533568328144
2024-05-01,-0.017148229362738777,-0.001632948957543917,-0.01551528040519486,1.4351550907967952,1.190412449042307,0.24474264175448823
2024-05-02,0.02422143899919164,0.01799791643201239,0.00622352256717925,1.4699166122829093,1.2118373928197974,0.25807921946311185
2024-05-03,0.02496106617906171,0.026538220122520825,-0.0015771539434591142,1.5066072981198053,1.2439974003031509,0.26260989781665445
2024-05-06,0.03083302498019236,0.014995516766763504,0.015837508213428855,1.5530605585780735,1.262651784177207,0.29040877440086654
2024-05-07,-0.017997980935308654,-0.003393745071761402,-0.014604235863547251,1.5251086042534054,1.2583666659073047,0.2667419383461007
2024-05-08,0.0014098216345195982,-0.0005685830966047506,0.001978404731124349,1.5272587353586737,1.257651179891739,0.2696075554669348
2024-05-09,-0.007716673858825126,0.0006659096315975112,-0.008382583490422637,1.5154733777998692,1.2584886619256188,0.2569847158742504
2024-05-10,0.0030436501029995353,-0.0003634338437083621,0.0034070839467078974,1.5200859485023028,1.2580312845539516,0.2620546639483512
2024-05-13,0.0029804367146974834,0.0030327538885884953,-5.231717389101191e-05,1.5246164684727148,1.2618465838241488,0.262769884648566
2024-05-14,0.013237253420001635,0.009168467788424381,0.004068785631577254,1.544798203034196,1.2734157835818738,0.2713824194523222
2024-05-15,0.02622394889397097,0.015478585703064407,0.010745363190906564,1.5853089121620632,1.2931264589236806,0.29218245323838254
2024-05-16,-0.007825746339776972,-0.0037516919631337547,-0.004074054376643217,1.572902686745295,1.2882750467804212,0.28462763996487395
2024-05-17,-0.008242241299162586,-0.0015713465205114082,-0.006670894778651178,1.5599384432610393,1.2862507202682012,0.27368772299283806
2024-05-20,0.015377046871265359,0.007191623175662946,0.008185423695602413,1.5839256898193528,1.2955009507577953,0.2884247390615575
2024-05-21,0.0034374550328856723,0.005808416010966038,-0.002370960978080366,1.5893703631535394,1.3030257592223984,0.28634460393114103
2024-05-22,-0.0024658116843610987,-0.003732279343688913,0.0012664676593278144,1.5854512751412981,1.2981625030969581,0.28728877204434
2024-05-23,0.033352080433818536,0.003065699025394257,0.030286381408424278,1.6383293735937108,1.3021422786175059,0.3361870949762049
2024-05-24,0.01941196178745548,0.014250022318295778,0.005161939469159703,1.670132560789178,1.3206978351494019,0.34943472563977607
2024-05-28,0.03045630555509924,0.014076315335136796,0.016379990219962445,1.7209986283780936,1.3392883943393974,0.3817102340386962
2024-05-29,-0.00011263624616212557,-0.001105645175517661,0.0009930089293555355,1.720804781552943,1.3378076165875692,0.38299716496537384
2024-05-30,-0.025636851632972295,-0.019191142964437524,-0.006445708668534771,1.676688764678961,1.3121335593587236,0.36455520532023744
2024-05-31,-0.008501523718240419,-0.003283687987299451,-0.005217835730940968,1.6624343553779355,1.3078249221521248,0.35460943322581073
2024-06-03,0.014036367204540146,0.012639920837661743,0.0013964463668784035,1.685768894443463,1.3243557256376488,0.3614131688058142
2024-06-04,0.0034257122564265636,0.004612482288312601,-0.001186770031886037,1.6915438536066605,1.3304642929655779,0.3610795606410826
2024-06-05,0.034681327723168315,0.023494112323644477,0.011187215399523838,1.7502088403517042,1.3617223705071095,0.3884864698445947
2024-06-06,-0.00812548298806615,-0.00023946137646378303,-0.007886021611602366,1.7359875481938634,1.3613962905939063,0.37459125759995704
2024-06-07,-0.0038529701151385704,-0.0004415702751463622,-0.003411399839992208,1.72929884005042,1.3607951384592856,0.3685037015911343
2024-06-10,0.011319356193216444,0.0042090503734714116,0.007110305819745032,1.7488733895854665,1.3665227937450355,0.38235059584043096
2024-06-11,0.0023624498569924076,0.016500220757789213,-0.014137770900796806,1.7530050152745902,1.3890707215123792,0.363934293762211
2024-06-12,0.021824617233297407,0.019585736927369767,0.0022388803059276395,1.7912636787410088,1.4162766952374324,0.3749869835035764
2024-06-13,0.0174686251217846,0.009526797184626654,0.007941827937157947,1.8225545924392044,1.4297692760702727,0.39278531636893166
2024-06-14,0.004548788131654176,0.0037878171555956186,0.0007609709760585575,1.8308450071385836,1.4351849806627153,0.3956600264758683
2024-06-17,0.005333239944371183,0.010925079268345366,-0.005591839323974183,1.8406093428626078,1.450864490341194,0.3897448525214138
2024-06-18,0.017382372962058183,-0.0002152822821042572,0.01759765524416244,1.8726035009376945,1.4505521449226895,0.422051356015005
2024-06-20,-0.01762618958999141,-0.011396169366821864,-0.006230020223169546,1.839596636603285,1.4340214070037438,0.4055752295995412
2024-06-21,-0.013996217990777646,-0.005489973933312477,-0.008506244057465168,1.813849241062284,1.4261486668594812,0.3877005742028028
2024-06-24,-0.02696521819581236,-0.016409042074836032,-0.010556176120976327,1.7649384005027309,1.4027469333800127,0.3621914671227182
2024-06-25,0.03250749711431336,0.021099402817363687,0.011408094296949674,1.8223121304640142,1.4323440559782192,0.38996807448579496
2024-06-26,-0.0011415193593895933,0.011476293947378218,-0.012617813306767811,1.8202319258882391,1.4487820573984054,0.37144986848983375
2024-06-27,-0.002519342170738997,0.001734986056251204,-0.004254328226990201,1.8156461388368235,1.4512956740665386,0.3643504647702849
2024-06-28,-0.009553045705959188,-0.013352554420357305,0.003799508714398117,1.798301188286667,1.431917169598536,0.3663840186881311
2024-07-01,0.012823984076356841,0.01741746714795644,-0.0045934830715996,1.821362574089749,1.4568575398586132,0.3645050342311358
2024-07-02,0.007479551371027043,0.010540726713918586,-0.0030611753428915426,1.8349855490279194,1.4722138770473747,0.3627716719805447
2024-07-03,0.02081516584955046,0.013974106225950094,0.0068410596236003676,1.8731810775624642,1.4927867501525527,0.3803943274099115
2024-07-05,0.009724541320428983,0.012903316015921807,-0.0031787746954928236,1.8913969043518661,1.5120486493341518,0.3793482550177143
2024-07-08,0.005371184245909068,0.0023510205644501794,0.003020163681458888,1.901555945607282,1.5156035068031855,0.38595243880409646
2024-07-09,0.002419759322191958,0.003761383528504541,-0.001341624206312583,1.9061572533333346,1.5213042728694188,0.3848529804639158
2024-07-10,0.018719439167066913,0.014864928404060446,0.0038545107630064673,1.9418394480799712,1.5439183519664141,0.3979210961135571
2024-07-11,-0.033739829964099494,-0.03460240271211643,0.000862572748016939,1.876322115284172,1.4904950673970452,0.38582704788712685
2024-07-12,0.004448909472721336,0.003444542312855159,0.001004367159866177,1.8846697025167363,1.495629140723796,0.3890405617929402
2024-07-15,0.001766288194151997,0.003005557033795445,-0.001239268839643448,1.8879985723621675,1.500124339407648,0.3878742329545195
2024-07-16,-0.006069710284478001,-0.006911364688980701,0.0008416544045027003,1.876538968010421,1.4897564330191855,0.3867825349912355
2024-07-17,-0.03896725347893103,-0.03469344146542195,-0.004273812013509078,1.8034153983808672,1.4380716554124986,0.3653437429683686
2024-07-18,0.0015722794617242515,-0.002833147150506054,0.004405426612230305,1.8062508713726988,1.433997386799743,0.3722534845729557
2024-07-19,-0.009027504222175067,-0.009115286309173316,8.778208699824867e-05,1.7899449340050744,1.420926090052457,0.3690188439526174
2024-07-22,0.022771293978061803,0.018346092793738767,0.004425201184323036,1.8307042963018463,1.4469945319536035,0.3837097643482428
2024-07-23,0.005287864866244961,0.002952738984689229,0.002335125881555732,1.8403848132307443,1.4512671291187351,0.3891176841120092
2024-07-24,-0.06105999738650232,-0.04903976575401527,-0.012020231632487048,1.7280109213447163,1.38009732906025,0.3479135922844663
2024-07-25,-0.017254552408384125,-0.014810830218894231,-0.002443722189489893,1.6981948663401139,1.3596569418339894,0.3385379245061244
2024-07-26,0.012300323804848884,0.009371832571151623,0.0029284912336972613,1.7190832130798295,1.3723994190470616,0.34668379403276783
2024-07-29,0.0021725301529607974,0.0029967229745938616,-0.0008241928216330642,1.722817973195694,1.3765121199164394,0.34630585327925467
2024-07-30,-0.03026467785246739,-0.01852272761377249,-0.011741950238694898,1.6706774422384856,1.3510153608621707,0.3196620813763149
2024-07-31,0.04994595306222608,0.035892997262701024,0.014052955799525056,1.7541210193506491,1.3995073515114638,0.35461366783918535
2024-08-01,-0.035041881897303694,-0.022325786852807186,-0.012716095044496507,1.6926533177569856,1.368262248682682,0.3243910690743035
2024-08-02,-0.030091042774083247,-0.024519583226907105,-0.005571459547176142,1.6417196143706663,1.334713028599872,0.3070065857707942
2024-08-05,-0.038932539413478,-0.04250868041932469,0.003576141005846696,1.5778033007783006,1.2779761390156112,0.2998271617626893
2024-08-06,0.022418713139805462,0.010619430437636428,0.011799282702169034,1.6131756203694876,1.2915475177248465,0.32162810264464103
2024-08-07,-0.01702513231054713,-0.010862074334293826,-0.006163057976253305,1.5857110919925481,1.2775186325810466,0.30819245941150153
2024-08-08,0.046789068734316215,0.02939105654636506,0.017398012187951156,1.659905037268555,1.3150662549502712,0.3448387823182839
2024-08-09,0.009902087370365636,0.008812684340574887,0.001089403029790749,1.6763415619740984,1.3266555187420899,0.3496860432320086
2024-08-12,0.006154878302064152,0.006748791929271437,-0.000593913627207285,1.6866592402807412,1.3356088407998998,0.3510503994808414
2024-08-13,0.03327963709760426,0.02890319048593177,0.0043764466116724896,1.7427906477046051,1.374212197540234,0.3685784501643712
2024-08-14,0.007796488105043901,0.0010410866660509846,0.006755401438992917,1.7563782942590158,1.3756428715354179,0.38073542272359795
2024-08-15,0.02502615814919114,0.02524831688792497,-0.00022215873873383113,1.8003336952209483,1.4103755386805592,0.3899581565403891
2024-08-16,0.004864428445857825,0.0023124039154155287,0.0025520245304422964,1.8090912896600175,1.4136368965984103,0.39545439306160723
2024-08-19,0.01693966609515661,0.015016439282549145,0.0019232268126074658,1.8397366920425144,1.4348646892237515,0.4048720028187629
2024-08-20,-0.005628896733320401,-0.0025555871923556754,-0.003073309540964726,1.8293810041865066,1.431197767401208,0.39818323678529866
2024-08-21,0.002524137393395246,0.002958735951133611,-0.00043459855773836506,1.833998613185941,1.4354323036888001,0.3985663094971408
2024-08-22,-0.021059281386909642,-0.020635161485483534,-0.00042411990142610795,1.7953759203276562,1.405811926300702,0.3895639940269542
2024-08-23,0.015042590966401008,0.015348703609340762,-0.00030611264293975426,1.8223830259280709,1.4273893168879679,0.394993709040103
2024-08-26,-0.014770467823594863,-0.010699118004285179,-0.0040713498193096845,1.795465576081335,1.4121175101485275,0.38334806593280746
2024-08-27,0.0034657135710094815,0.000506828475690299,0.0029588850953191827,1.8016881454946403,1.4128332115136917,0.3888549339809486
2024-08-28,-0.013461078143737861,-0.011925191223672244,-0.0015358869200656176,1.7774354805774908,1.395984905299236,0.3814505752782549
2024-08-29,-0.008030672525317374,-0.00755994023380512,-0.0004707322915122542,1.7631614782980927,1.3854313428478795,0.37773013545021317
2024-08-30,0.016594401792301598,0.013205711284511087,0.003388690507790511,1.7924200882936798,1.403726949166041,0.3886931391276389
2024-09-03,-0.048118978713571396,-0.03816532592783147,-0.009953652785739925,1.7061706642192984,1.3501532526374385,0.35601741158185995
2024-09-04,-0.00024501068513664695,-0.005017677374801741,0.004772666689665094,1.7057526341758982,1.3433786192091646,0.3623740149667336
2024-09-05,0.005819807283055804,0.008852293934365546,-0.0030324866513097414,1.7156797857793666,1.3552706016115463,0.3604091841678203
2024-09-06,-0.04122772674713501,-0.032116061162760216,-0.009111665584374797,1.6449462083856716,1.311744648078099,0.33320156030757264
2024-09-09,0.027480245183192045,0.012769235498912674,0.014711009684279372,1.6901497335052722,1.3284946244038465,0.36165510910142573
2024-09-10,0.017966106040688934,0.012951587100581296,0.005014518940107638,1.7205151428420702,1.3457007382444668,0.3748144045976034
2024-09-11,0.039766988547488294,0.030709348415090147,0.009057640132398147,1.788934848823251,1.3870263310776603,0.4019085177455908
2024-09-12,0.01875184435711106,0.013850706665720707,0.004901137691390353,1.8224806766733967,1.4062376259270477,0.41624305074634904
2024-09-13,0.007867409205262802,0.004405233307716715,0.0034621758975460874,1.8368188779254706,1.412432430755346,0.42438644717012464
2024-09-16,-0.007618717687984977,-0.009749059910459384,0.0021303422224744073,1.822824673450595,1.3986625423684362,0.42416213108215883
2024-09-17,0.0008468073102807771,0.0031067707820655478,-0.002259963471784771,1.824368254709433,1.403007866289036,0.42136038842039714
2024-09-18,-0.004295818521228527,-0.0018139672230266216,-0.0024818512982019056,1.8165310997713109,1.4004628560059391,0.41606824376537177
2024-09-19,0.03408890334879452,0.030616282479952024,0.0034726208688424937,1.8784546528614945,1.4433398224080973,0.43511483045339716
2024-09-20,-0.00023110297626018994,-0.002169115587495158,0.0019380126112349683,1.8780205364004485,1.4402090515012596,0.437811484899189
2024-09-23,0.006787757746707118,0.0017908909626190102,0.004996866784088108,1.8907680848448756,1.4427883088758753,0.4479797759690003
2024-09-24,0.009853889214141091,0.007120018176130371,0.00273387103801072,1.9093995040825706,1.4530609878593799,0.45633851622319077
2024-09-25,0.007806730148250262,0.004386224246917886,0.0034205059013323767,1.9243056707561461,1.4594344391965792,0.4648712315595669
2024-09-26,0.0025652433810503107,0.0024548491096591735,0.0001103942713911372,1.929241983141171,1.4630171305302468,0.46622485261092406
2024-09-27,-0.0092162401348059,-0.006682386166209532,-0.002533853968596368,1.9114616257463926,1.453240685096264,0.4582209406501285
2024-09-30,0.006423366234363114,0.00690972370732004,-0.000486357472956926,1.9237396438114929,1.4632821767105157,0.4604574671009771
2024-10-01,-0.01705819722660847,-0.018261767938043724,0.0012035707114352555,1.8909241135547108,1.4365600571715529,0.4543640563831579
2024-10-02,0.0009796454879494574,-0.0006471260145124769,0.0016267715024619344,1.8927765488306094,1.4356304217871476,0.4571461270434618
2024-10-03,0.005771340246058789,0.0034882753962230373,0.0022830648498357513,1.903700406303672,1.440638296065537,0.4630621102381349
2024-10-04,0.020396829786948213,0.012976118866019124,0.007420710920929089,1.942529859456392,1.4593321898382228,0.48319766961816923
2024-10-07,-0.01283257656818884,-0.013757481754786067,0.0009249051865972274,1.9176021962989247,1.4392554538623514,0.47834674243657327
2024-10-08,0.023365306442342245,0.01954488542206309,0.0038204210202791543,1.9624075592499577,1.4673855368011703,0.49502202244878735
2024-10-09,0.004825789824353616,0.004531408327172268,0.000294381497181348,1.9718777256806206,1.4740348598418034,0.4978428658388172
2024-10-10,0.0006765348203135136,0.0017757707176682045,-0.0010992358973546908,1.9732117696234441,1.4766524077827325,0.4965593618407116
2024-10-11,-0.012607503776836972,-0.002875145629644497,-0.009732358147192475,1.9483344947854175,1.4724068170659919,0.4759276777194257
2024-10-14,0.008739747167646352,0.010308653527919282,-0.0015689063602729297,1.9653624456678458,1.4875853487952717,0.4777770968725741
2024-10-15,-0.016365071561534224,-0.009378154626393536,-0.006986916935140688,1.9331991486001396,1.473634543374312,0.45956460522582754
2024-10-16,0.007032481152067804,0.0018431377725868071,0.005189343379480997,1.9467943351758639,1.4763506548641938,0.47044368031167005
2024-10-17,0.004244053847618972,0.0025054570739913113,0.0017385967736276604,1.9550566351645897,1.480049588056115,0.47500704710847463
2024-10-18,0.0025793930040353325,0.005359906507127017,-0.0027805135030916843,1.9600994945718262,1.4879825154740078,0.47211697909781836
2024-10-21,0.0070967316522115445,0.009492724461675404,-0.0023959928094638592,1.974009794696438,1.5021075234971932,0.47190227119924466
2024-10-22,0.003308772494001268,0.004736957614754441,-0.0014281851207531729,1.9805413440080186,1.5092229431688031,0.4713184008392155
2024-10-23,-0.020569769808062292,-0.021048063607741304,0.00047829379967901167,1.9398020644664236,1.4774567226627238,0.4623453418036998
2024-10-24,0.038646213756644794,0.011284913079367732,0.027361300677277062,2.014768069695374,1.4941296933565,0.520638376338874
2024-10-25,0.014177158861150627,0.009501968809265002,0.004675190051885625,2.043331756687819,1.5083268670997703,0.5350048895880486
2024-10-28,-0.004150012901504399,0.00010802300029289641,-0.004258035901797295,2.0348519035355106,1.508489801093377,0.5263621024421337
2024-10-29,0.012112259529972122,0.010819799930619205,0.0012924595993529173,2.0594985578961906,1.5248113589385868,0.5346871989576039
2024-10-30,-0.004753170612092452,-0.002705650916275847,-0.0020475196958166055,2.0497094098751516,1.5206857516881267,0.5290236581870249
2024-10-31,-0.03636462097982755,-0.03683178153662649,0.00046716055679893453,1.9751725040662558,1.464676186296089,0.5104963177701667
2024-11-01,0.00806644512921586,0.009594097130076836,-0.0015276520008609754,1.991105124691042,1.4787284318915241,0.5123766927995179
2024-11-04,-0.007608139458207151,-0.005671283684834633,-0.0019368557733725183,1.9759565192264417,1.4703421434614368,0.5056143757650049
2024-11-05,0.06726441946349533,0.01747776001872841,0.04978665944476692,2.108868087377317,1.4960404305902784,0.6128276567870388
2024-11-06,0.05843661746248354,0.03012943884658772,0.02830717861589582,2.2321032050782246,1.5411152892557711,0.6909879158224534
2024-11-07,0.016874270422693047,0.0207738946534225,-0.0038996242307294537,2.269768318172074,1.5731302559235494,0.6966380622485246
2024-11-08,0.014571808656098183,-0.0014658590597362675,0.01603766771583445,2.302842947798151,1.5708242686857585,0.7320186791123926
2024-11-11,0.010112307693063755,-0.003514034286405895,0.01362634197946965,2.3261300042550883,1.5653043383476783,0.76082566590741
2024-11-12,-0.006826480293072282,0.003139088649706904,-0.009965568942779186,2.3102507236219165,1.5702179674295225,0.7400327561923941
2024-11-13,0.0012599484368089127,-0.000967324336068226,0.0022272727728771388,2.3131615204097806,1.5686990573766961,0.7444624630330845
2024-11-14,-0.016343644102195673,-0.004781234601222095,-0.011562409500973578,2.2753560317693093,1.561198739164662,0.7141572926046473
2024-11-15,0.008939908520563157,-0.023271644735950135,0.032211553256513294,2.295697506545039,1.5248670767446086,0.7708304298004303
2024-11-18,-0.007736678345968296,0.0047664462038118196,-0.012503124549780115,2.2779364333572585,1.5321352736338754,0.7458011597233831
2024-11-19,0.03215880784148546,0.017116020805157662,0.0150427870363278,2.3511921533927134,1.5583593328537089,0.7928328205390045
2024-11-20,-0.009803839479015175,-0.005001509678112577,-0.004802329800902598,2.328141442936531,1.550565183568464,0.7775762593680671
2024-11-21,-0.007638565053479484,-0.008744862216733726,0.0011062971632542417,2.310357783070959,1.5370057046800933,0.7733520783908656
2024-11-22,0.006333504415924067,-0.003957434085273352,0.01029093850119742,2.3249904442924034,1.5309231059151327,0.7940673383772707
2024-11-25,-0.013817085446429449,-0.0021433401360166945,-0.011673745310412754,2.292865852661483,1.5276418169770694,0.7652240356844138
2024-11-26,0.011388429551567162,0.012947246215736334,-0.0015588166641691721,2.3189779938957122,1.5474205717109262,0.7715574221847861
2024-11-27,-0.01028238179229051,-0.008654910181095349,-0.0016274716111951606,2.2951333767945568,1.534027785650389,0.7611055911441678
2024-11-29,0.012956253273409728,0.010931262750232415,0.002024990523177313,2.3248697061205634,1.5507966464414906,0.7740730596790728
2024-12-02,0.012406500057110042,0.01467330099900585,-0.002266800941895809,2.3537132022623215,1.5735519524229755,0.780161249839346
2024-12-03,0.011468484134708993,0.00910307890708325,0.002365405227625744,2.380706724780122,1.5878761200102767,0.7928306047698455
2024-12-04,0.018388738508215582,0.015969587912803087,0.0024191505954124955,2.424484918206854,1.6132338473034213,0.8112510709034328
2024-12-05,0.008515634198379928,0.0037280949121073275,0.004787539286272601,2.445130944889793,1.6192481362015925,0.8258828086882004
2024-12-06,0.017504840170103453,0.00987107012781911,0.0076337700422843425,2.4879325712750626,1.6352318481083787,0.8527007231666839
2024-12-09,-0.01669935574900928,-0.0026529144305590287,-0.014046441318450252,2.446385700187793,1.6308937179412224,0.8154919822465705
2024-12-10,-0.008905466314443338,0.0008993423411780375,-0.009804808655621377,2.4245994947426346,1.6323604497157282,0.7922390450269063
2024-12-11,0.03642162600264335,0.025430498145473563,0.010991127857169786,2.5129073507463486,1.6738721891049686,0.83903516164138
2024-12-12,-0.0100027118173352,-0.006252358228650584,-0.0037503535886846164,2.4877714626931695,1.663406540549709,0.8243649221434606
2024-12-13,0.017467664642417627,0.0060752115909101225,0.011392453051507503,2.5312270203104705,1.6735120872452522,0.8577149330652183
2024-12-16,0.018993663784457847,0.01969684706239732,-0.0007031832779394731,2.579304295296383,1.7064749988847951,0.8728292964115878
2024-12-17,-0.0075620248748180414,-0.0013279156447535741,-0.006234109230064467,2.5597995320556266,1.7042089440363952,0.8555905880192314
2024-12-18,-0.04056643455685422,-0.03630392999859931,-0.004262504558254908,2.4559575918598258,1.642339461829111,0.8136181300307148
2024-12-19,0.003136738139108356,0.002506984329651967,0.0006297538094563889,2.463661287706245,1.6464567811238855,0.8172045065823597
2024-12-20,0.01759667959583979,0.009294209000208376,0.008302470595631415,2.507013546018686,1.6617592945574613,0.8452542514612247
2024-12-23,0.018351532363953593,0.014875475565317807,0.003476056798635786,2.5530210862453178,1.6864787543390904,0.8665423319062273
2024-12-24,0.019397883348311135,0.01567774475306617,0.0037201385952449657,2.602544291462083,1.7129189377810878,0.889625353680995
2024-12-26,-0.0038707345885672768,-0.0021394568993128443,-0.0017312776892544324,2.5924705332548426,1.7092542215416884,0.8832163117131542
2024-12-27,-0.02492802833342186,-0.018036396751124915,-0.0068916315822969455,2.5278453543483046,1.6784254342534273,0.8494199200948773
2024-12-30,-0.01251122676648539,-0.011799009247915004,-0.0007122175185703856,2.496218907889446,1.6586216770327353,0.8375972308567108
2024-12-31,-0.017994232928521082,-0.01320725981173134,-0.004786973116789741,2.451301363420305,1.6367158296147946,0.8145855338055104
2025-01-02,0.006003640607655085,-0.0025352834009195946,0.008538924008574679,2.4660180958273354,1.6325662911399499,0.8334518046873856
2025-01-03,0.03651912677907174,0.020287991901267472,0.016231134877804265,2.556074923308339,1.6656877828328795,0.8903871404754593
2025-01-06,0.01579150367496786,0.019147614420800308,-0.003356110745832447,2.5964391898532555,1.6975817302440013,0.8988574596092542
2025-01-07,-0.037283683812098636,-0.026192601666771547,-0.01109108214532709,2.499634372061425,1.6531176481869314,0.8465167238744937
2025-01-08,-0.006597209097988669,-0.0008744207416976498,-0.005722788356291019,2.483143761440416,1.6516721278268904,0.8314716336135257
2025-01-10,-0.01584419702362487,-0.015741913427238133,-0.00010228359638673676,2.443800342446169,1.6256716481804572,0.818128694265712
2025-01-13,-0.01153194266790757,-0.006975779406486063,-0.004556163261421506,2.415618577005267,1.6143313213753716,0.8012872556298953
2025-01-14,-4.922598254705605e-05,-0.007335030839488654,0.007285804856941598,2.4154996658073546,1.6024901513479308,0.8130095144594238
2025-01-15,0.03148889429576352,0.030959324150055537,0.0005295701457079839,2.4915610794554146,1.652102163390783,0.8394589160646315
2025-01-16,-0.002756551174779966,-0.017357023032601972,0.014600471857822006,2.4846929638348056,1.6234265880885976,0.861266375746208
2025-01-17,0.02731112411007198,0.01845092137208811,0.00886020273798387,2.552552721745521,1.6533803044187776,0.8991724173267435
2025-01-21,0.019576115769336204,0.0034525150867672524,0.01612360068256895,2.6025217893337453,1.6590886248639471,0.9434331644697982
2025-01-22,0.02229161091782466,0.018441561170833728,0.003850049746990932,2.660536192466734,1.68968480922721,0.970851383239524
2025-01-23,0.00982472299520076,0.0015518548989912442,0.008272868096209515,2.6866752235764255,1.6923069548761605,0.9943682687002651
2025-01-24,-0.003834305110258858,-0.005217743695822582,0.001383438585563724,2.676373691037061,1.6834769309309585,0.9928967601061023
2025-01-27,-0.1121878100242762,-0.046711580718432046,-0.06547622930584415,2.376117187833024,1.6048390623841589,0.7712781254488652
2025-01-28,0.035657111311504695,0.03368049324923763,0.001976618062267066,2.4608426628887656,1.6588908335909014,0.8019518292978642
2025-01-29,-0.005375262134670259,-0.009622121023102479,0.00424685888843222,2.4476149885035587,1.6429287852259744,0.8046862032775843
2025-01-30,0.020067702619273223,-0.0021783068636636823,0.022246009482936906,2.4967329982193243,1.639349982176606,0.8573830160427183
2025-01-31,0.0029846591300807216,-0.0010202275313025144,0.0040048866613832355,2.504184895157833,1.6376774721913492,0.866507422966484
2025-02-03,-0.008658897453369485,-0.017671655812845685,0.0090127583594762,2.482501414946385,1.6087369995703324,0.8737644153760524
2025-02-04,0.0666512309542945,0.018895092428066636,0.047756138526227856,2.6479631900983396,1.6391342338696644,1.0088289562286752
2025-02-05,-0.0023583467982909085,-0.004608370893010398,0.0022500240947194894,2.641718374586979,1.6315804953765627,1.010137879210416
2025-02-06,0.030000156733060668,0.00967855063444872,0.020321606098611947,2.720970339869194,1.6473718298152438,1.0735985100539502
2025-02-07,-0.013414314093204567,-0.01800763616305158,0.004593322069847012,2.684470389091895,1.6177065572786704,1.0667638318132244
2025-02-10,0.02566215142963622,0.011164641527607858,0.014497509902028362,2.7533596747251456,1.6357676710875475,1.1175920036375981
2025-02-11,-0.01756132952727076,-0.0025855586396104743,-0.014975770887660285,2.7050070181701984,1.6315382978531716,1.0734687203170268
2025-02-12,0.005610033606770979,-0.0003930869391955544,0.006003120545966534,2.720182198448685,1.6308969614574882,1.0892852369911967
2025-02-13,0.014108799097443175,0.015886421695103414,-0.0017776225976602385,2.7585607025950387,1.6568060783284646,1.1017546242665741
2025-02-14,0.0052107100717018835,0.005272529156749429,-6.181908504754568e-05,2.7729347626314516,1.6655416366835312,1.1073931259479204
2025-02-18,0.009465857254343553,-0.003810575020401441,0.013276432274744994,2.799182967270128,1.6591949653273466,1.1399880019427815
2025-02-19,-0.020992688432083163,0.0008048120453109629,-0.021797500477394125,2.7404205913738324,1.6605303054209615,1.079890285952871
2025-02-20,-0.018251056155600857,-0.0035259015964583186,-0.014725154559142539,2.6904050212707036,1.6546754389661105,1.035729582304593
2025-02-21,-0.039366156188430035,-0.02473891994707135,-0.014627236241358685,2.5844941169932247,1.6137405557431428,0.9707535612500819
2025-02-24,-0.044944972345611955,-0.016075908217297805,-0.02886906412831415,2.4683341003775676,1.5877982106824848,0.8805358896950828
2025-02-25,-0.02548624790480327,-0.01788409049108425,-0.007602157413719019,2.4054255255834653,1.5594018838010575,0.8460236417824079
2025-02-26,0.019805190411402596,0.004282923167938843,0.015522267243463754,2.4530654361380937,1.5660806822573166,0.8869847538807771
2025-02-27,-0.044235445198084755,-0.03520194610333962,-0.009033499094745136,2.344552994470491,1.510951594487013,0.8336013999834779
2025-02-28,0.016469770024490134,0.019945144468065223,-0.0034753744435750897,2.38316724309965,1.54108774232331,0.84207950077634
2025-03-03,-0.04264149603919778,-0.03533349915026483,-0.007307996888932945,2.2815454265422703,1.4866357198894458,0.7949097066528246
2025-03-04,0.0026129710535043593,-0.0014035757274462757,0.004016546780950635,2.2875070386990806,1.4845491140774543,0.8029579246216263
2025-03-05,0.029249412093915562,0.017206796049944333,0.012042616043971228,2.354415274741722,1.5100934479095105,0.8443218268322117
2025-03-06,-0.05134203291551201,-0.02881145278975841,-0.0225305801257536,2.2335348082091486,1.4665854618269423,0.7669493463822064
2025-03-07,0.02611997505287045,0.009577278500656925,0.016542696552213527,2.2918746816792894,1.4806313592398734,0.811243322439416
2025-03-10,-0.05052578066969663,-0.04869524919258224,-0.001830531477114393,2.176075924190331,1.408531646239336,0.7675442779509949
2025-03-11,0.02223611875918203,0.0018753250432663804,0.020360793715915648,2.224463406869624,1.411173100909762,0.813290305959862
2025-03-12,0.031292134200025856,0.020147763716987305,0.01114437048303855,2.2940716143204347,1.4396050831106602,0.8544665312097746
2025-03-13,-0.019765509839506243,-0.022319569177065235,0.002554059337558992,2.2487281192550523,1.407473717870517,0.8412544013845353
2025-03-14,0.03744457902298028,0.029027493058487543,0.00841708596449274,2.332930797017696,1.448329151446007,0.884601645571689
2025-03-17,-0.002216261108040458,-0.0071672005687979075,0.004950939460757449,2.327760413224516,1.4379486859279567,0.8898117272965593
2025-03-18,-0.027012949262775893,-0.02229426703438458,-0.004718682228391311,2.264880739286184,1.4058906739421364,0.8589900653440476
2025-03-19,0.02182929249861543,0.016605888691145383,0.005223403807470047,2.3143214834185426,1.4292367379855389,0.8850847454330038
2025-03-20,0.002273561871588989,-0.0017729881533697825,0.0040465500249587715,2.3195832365018423,1.4267027181807297,0.8928805183211126
2025-03-21,0.002961288049009493,0.010353981734797294,-0.007392693685787801,2.326452190618778,1.4414747720657586,0.8849774185530193
2025-03-24,0.02022235688886531,0.02570889155511539,-0.005486534666250077,2.3734985371023534,1.4785334906602319,0.8949650464421215
2025-03-25,-0.0010721155218128367,0.007786220559303257,-0.008858336081116094,2.370953872479726,1.490045678522829,0.8809081939568968
2025-03-26,-0.03829546971456436,-0.029411105638099653,-0.008884364076464705,2.2801570802615494,1.4462217876662002,0.8339352925953492
2025-03-27,-0.019005862646503,-0.006760929675129438,-0.012244932971373561,2.236820727981647,1.436443983865149,0.8003767441164982
2025-03-28,-0.0330071873183282,-0.031778030058033355,-0.0012291572602948428,2.1629895672156376,1.390796623769201,0.7721929434464365
2025-03-31,-0.01064619632502337,-0.002705785752481855,-0.007940410572541514,2.1399619556340825,1.3870334260800066,0.752928529554076
2025-04-01,0.018239208622506935,0.013984184983836606,0.004255023638670329,2.1789931681871204,1.4064299580890742,0.7725632100980462
2025-04-02,0.011890667483482843,0.007668967021314467,0.004221700462168376,2.2049028513988143,1.417215823055448,0.7876870283433663
2025-04-03,-0.07446406977203766,-0.07005479349860486,-0.004409276273432808,2.0407168116316883,1.317933061228343,0.7227837504033452
2025-04-04,-0.07166608245712879,-0.05746766381228865,-0.014198418644840137,1.8944666323376427,1.2421945271385724,0.6522721051990703
2025-04-07,0.03048223042585674,0.006009434156958439,0.0244727962688983,1.9522142007586556,1.2496594133595458,0.7025547873991098
2025-04-08,-0.011652610207712256,-0.021546583195116074,0.009893972987403818,1.9294658096352544,1.2227335228440344,0.70673228679122
2025-04-09,0.147839161032183,0.1434250303240654,0.0044141307081176084,2.214716416172012,1.3981041154361913,0.8166123007358208
2025-04-10,-0.05253689132755583,-0.048089294490923674,-0.0044475968366321575,2.098362100494229,1.3308702749000079,0.7674918255942214
2025-04-11,0.023792278247081713,0.024745006780883896,-0.0009527285338021829,2.1482869154523185,1.3638026688768854,0.7844842465754331
2025-04-14,0.0044797295134731616,0.0009385197869466419,0.0035412097265265195,2.157910659750878,1.365082624667117,0.7928280350837611
2025-04-15,0.00830769090096255,-0.0029229044613436226,0.011230595362306174,2.1758379145039806,1.361092618573375,0.8147452959306056
2025-04-16,-0.036774082676979125,-0.039616587245958595,0.0028425045689794703,2.0958234711443056,1.3071707740998326,0.7886526970444729
2025-04-17,-0.013047378151557062,-0.00815940997970797,-0.004887968171849092,2.068478469777377,1.2965050318404598,0.771973437936917
2025-04-21,-0.03154693237052877,-0.030192307253590865,-0.001354625116937902,2.003224319381415,1.2573605535633061,0.7458637658181089
2025-04-22,0.02934624108257815,0.028562851138631735,0.0007833899439464165,2.062011423200466,1.2932743558823225,0.7687370673181433
2025-04-23,0.03893665990328801,0.03309038868455043,0.005846271218737584,2.1422992607023175,1.3360693069942302,0.8062299537080873
2025-04-24,0.0461479443898172,0.03200368816840929,0.014144256221407914,2.2411619678515544,1.3788284524666563,0.8623335153848981
2025-04-25,0.029178916317519493,0.023273914201374396,0.0059050021161450965,2.3065566453655024,1.4109191875677791,0.8956374577977233
2025-04-28,-0.0023478652092015348,-0.004003954027146984,0.0016560888179454492,2.301141161264796,1.4052699320047382,0.8958712292600579
2025-04-29,0.00022490859024923687,0.00385115805526015,-0.0036262494650109132,2.3016587076793407,1.410681848623193,0.8909768590561478
2025-04-30,-0.0012007380694672304,-0.0034308554878310213,0.002230117418363791,2.2988950184461094,1.4058420030612604,0.893053015384849
2025-05-01,0.022223349019224608,0.02875246133109448,-0.006529112311869874,2.349984164799594,1.4462634208919078,0.9037207439076862
2025-05-02,0.027032713061071606,0.011631605334492912,0.015401107726578694,2.4135106124246835,1.463085786213436,0.9504248262112474
2025-05-05,-0.004098985545542082,-0.010193549903587352,0.00609456435804527,2.403617667310342,1.4481717482384402,0.955445919071902
2025-05-06,-0.01664648656798609,-0.008564810570860525,-0.008081675997125566,2.3636058780968865,1.435768431540706,0.9278374465561805
2025-05-07,0.0011999149063522657,0.0002654299415412741,0.0009344849648109915,2.3664420040227565,1.4361495274715566,0.9302924765512
2025-05-08,0.018971882029024344,0.011829546546363517,0.007142335482660828,2.411337862551604,1.4531385251543194,0.9581993373972846
2025-05-09,-0.0013297513358555228,0.0013382068803804393,-0.002667958216235962,2.4081313828076767,1.4550831251268268,0.9530482576808499
2025-05-12,0.04588648176040378,0.05425511001827039,-0.008368628257866606,2.5186320595815372,1.5340288201663115,0.9846032394152258
2025-05-13,0.033960980589544255,0.023512998893938493,0.010447981695605763,2.6041672740691895,1.5700984381181515,1.034068835951038
2025-05-14,0.017178626357209993,0.014561021623365903,0.0026176047338440905,2.648903290642098,1.5929606754264027,1.0559426152156954
2025-05-15,-0.006380145529274831,-0.00805090569104765,0.0016707601617728194,2.632002902154827,1.5801358992589973,1.0518670028958295
2025-05-16,0.004362823300002669,0.0028923838564353316,0.001470439443567337,2.643485865742022,1.584706258824988,1.058779606917034
2025-05-19,0.0024080964079771965,-0.0003195282928561958,0.0027276247008333923,2.649851634559854,1.5841999003394271,1.0656517342204268
2025-05-20,-0.004803389679221389,-0.0062738067749155465,0.0014704170956941574,2.6371233645669414,1.5742609362718571,1.0628624282950843
2025-05-21,-0.009811383579343472,-0.011411130122253947,0.0015997465429104744,2.611249535691126,1.5562968398816777,1.0549526958094484
2025-05-22,0.007643128067084511,0.006203320317014285,0.001439807750070226,2.6312076503075286,1.5659510476878207,1.065256602619708
2025-05-23,-0.0044690601161856604,-0.01374367525007319,0.00927461513388753,2.6194486251401368,1.5444291250308875,1.0750195001092493
2025-05-27,0.023759961749066437,0.028753405347954203,-0.004993443598887766,2.6816866242771114,1.5888367216940866,1.0928499025830247
2025-05-28,0.0016564685469495914,-0.002873692485719743,0.004530161032669334,2.686128753823002,1.5842708935459187,1.1018578602770832
2025-05-29,0.001403295645136846,0.0069229230531581976,-0.005519627408021352,2.6898981866055185,1.5952386790372952,1.0946595075682233
2025-05-30,0.0032326905460837844,-0.005061476216800973,0.008294166762884757,2.698593795043286,1.587164416403227,1.111429378640059
2025-06-02,0.009907481576645573,0.008151361269691558,0.0017561203069540142,2.7253300633505275,1.6001019669557288,1.1252280963947987
2025-06-03,0.015293723064344771,0.006667405177934007,0.008626317886410764,2.7670105065983437,1.610770495095432,1.1562400115029117
2025-06-04,0.0023694993582189846,0.004379872965411972,-0.002010373607192987,2.773566936217914,1.6178254652403836,1.1557414709775304
2025-06-05,-0.010031327014793846,-0.012237615320499117,0.002206288305705271,2.7457443792832925,1.5980271395410641,1.1477172397422284
2025-06-06,0.013598306131173568,0.014324550345597407,-0.000726244214423839,2.783081851910736,1.620918159755051,1.1621636921556848
2025-06-09,0.007538036427612744,0.005458850530447111,0.0020791858971656333,2.804060824291467,1.6297665097112413,1.1742943145802256
2025-06-10,0.003431123301849219,0.008092478386720866,-0.004661355084871647,2.8136819027254956,1.642955359966481,1.1707265427590146
2025-06-11,0.01030860906810042,-0.0051837642425700894,0.015492373310670509,2.8426870495026817,1.634438666719348,1.2082483827833337
2025-06-12,0.005537023332972196,0.003957450654099318,0.0015795726788728785,2.8584270740241156,1.6409068770900417,1.2175201969340739
2025-06-13,-0.010871852296754221,-0.010960106644866158,8.825434811193626e-05,2.827350677074282,1.6229223627228406,1.2044283143514414
2025-06-16,0.018634406652837197,0.015474085665575793,0.003160320987261404,2.880036679341059,1.6480356023921925,1.2320010769488665
2025-06-17,-0.007976446767898285,-0.008379140324363692,0.0004026935564654076,2.8570642200787004,1.634226480820201,1.2228377392584995
2025-06-18,0.004051676722758144,0.001994681716817719,0.0020569950059404246,2.8686401206746184,1.6374862425026324,1.231153878171986
2025-06-20,-0.011472513869291674,-0.007775767199595427,-0.0036967466696962463,2.835729607104172,1.6247535306883918,1.2109760764157802
2025-06-23,0.008976948095045258,0.010582940789940178,-0.00160599269489492,2.8611858045987293,1.6419482011019135,1.2192376034968158
2025-06-24,0.022544352203264856,0.012735020409020515,0.009809331794244341,2.925689385096585,1.6628584449535007,1.2628309401430844
2025-06-25,0.008972493745183949,0.009307663653801819,-0.0003351699086178699,2.9519401148047155,1.6783357720630119,1.2736043427417036
2025-06-26,0.011827701270652398,0.010489112195427464,0.0013385890752249333,2.9868547806514814,1.69594002427778,1.2909147563737013
2025-06-27,-0.0026749278543730624,0.008245479897031187,-0.01092040775140425,2.9788651596017495,1.709923863654533,1.2689412959472164
2025-06-30,0.009482876792982618,0.0022658436220989214,0.007217033170883697,3.0071133708931614,1.7137982837352697,1.2933150871578918
2025-07-01,-0.025431617084644646,-0.014371684810380762,-0.011059932274263884,2.9306376151144913,1.6891681149728548,1.2414695001416365
2025-07-02,0.011661257565778998,0.01271318466215838,-0.001051927096379383,2.9648125351763017,1.7106428211439348,1.2541697140323669
2025-07-03,0.01591977298797294,0.011137329675722944,0.004782443312249994,3.012011677688205,1.7296948142004236,1.2823168634877813
2025-07-07,0.0004957419336550696,-0.0092110439458563,0.009706785879511369,3.0135048581814936,1.7137625192539039,1.2997423389275897
2025-07-08,0.00026621804757033713,-0.0012154436877709722,0.0014816617353413093,3.0143071075611823,1.7116795374175384,1.3026275701436438
2025-07-09,0.01814404492965367,0.013152574919145227,0.004991470010508444,3.068998831152547,1.7341925307709904,1.3348063003815565
2025-07-10,-0.0028588909881738923,0.00293137490863039,-0.005790265896804283,3.0602248980514486,1.7392760992424268,1.3209487988090218
2025-07-11,0.004295127571397675,0.002943916852844057,0.001351210718553618,3.0733689543857468,1.7443963834627354,1.3289725709230114
2025-07-14,0.006815591957283383,0.0001542440617091422,0.00666134789557424,3.094315783113023,1.7446654462461513,1.3496503368668715
2025-07-15,0.013200997835890618,0.009053175776667453,0.004147822059223165,3.13516383906946,1.7604602092024957,1.3747036298669644
2025-07-16,5.77158789820896e-05,0.0012397622127577434,-0.0011820463337756538,3.1353447878061846,1.7626427612469286,1.372702026559256
2025-07-17,0.01056467090049987,0.005922838322202506,0.004641832578297365,3.1684686736489547,1.7730826093415948,1.39538606430736
2025-07-18,-0.00020794176141335598,0.0028562380035769934,-0.0030641797649903495,3.1678098166919733,1.7781469552738778,1.3896628614180955
2025-07-21,0.0020996589608426003,0.005884397992448074,-0.0037847390316054735,3.174461136959836,1.7886102796477692,1.3858508573120667
2025-07-22,-0.017071211546910704,-0.00900503353639545,-0.008066178010515254,3.1202692393433478,1.7725037840959994,1.3477654552473484
2025-07-23,0.025352291454338958,0.00838018204522539,0.01697210940911357,3.1993752145151886,1.7873576884825748,1.4120175260326138
2025-07-24,0.014552816778754078,0.005338911811115826,0.009213904967638253,3.2459351358185153,1.7969002335563031,1.4490349022622122
2025-07-25,0.009593317892847397,0.0035585509272294774,0.006034766965617919,3.2770744234359848,1.803294594548564,1.4737798288874209
2025-07-28,0.006164694805918626,0.006831631627126008,-0.0006669368212073815,3.297276587112749,1.8156140389337072,1.481662548179042
2025-07-29,-0.0008879951942629632,-0.004865697146455841,0.003977701952192878,3.2943486213492372,1.8067798108854023,1.487568810463835
2025-07-30,0.015086316667917515,0.004085413823781281,0.011000902844136235,3.3440482078654297,1.8141612541013226,1.529886953764107
2025-07-31,-0.0025356346554565186,0.009243167779255266,-0.011778802434711785,3.335568923340049,1.8309298509516052,1.504639072388444
2025-08-01,-0.022554124578483773,-0.028466440487308446,0.005912315908824673,3.2603380863029185,1.7788097953130548,1.4815282909898637
2025-08-04,0.025171612235781172,0.021373969449182188,0.0037976427865989842,3.3424060523688848,1.8168300215339819,1.525576030834903
2025-08-05,-0.0002722916466422582,-0.005630388950262476,0.005358097303620218,3.341495943121138,1.8066005618562317,1.5348953812649064
2025-08-06,0.014418083249447978,0.018447165394618176,-0.004029082145170199,3.389673909806752,1.8399272212228037,1.5497466885839482
2025-08-07,0.00037593496728966554,0.005287636285086135,-0.00491170131779647,3.3909482067571575,1.8496560871596592,1.5412921195974982
2025-08-08,0.011678684704211933,0.014777108462863802,-0.003098423758651868,3.430550021712187,1.876988655778614,1.553561365933573
2025-08-11,-0.0011277712387262036,-0.0024508330907007463,0.0013230618519745427,3.426681146064688,1.8723884698701618,1.5542926761945264
2025-08-12,0.018022352681092122,0.012714058246338821,0.005308294434753301,3.488438002204715,1.8961941259358641,1.5922438762688509
2025-08-13,-0.010984323627705319,-0.004412246306262929,-0.00657207732144239,3.450119870233313,1.8878276504077462,1.5622922198255667
2025-08-14,0.0008227688281091992,0.004053405156003974,-0.003230636327894775,3.4529585213157814,1.8954797807395558,1.5574787405762256
2025-08-15,-0.008705850343087126,-0.004866145484206193,-0.0038397048588809327,3.4228975811883187,1.8862561003641058,1.5366414808242128
2025-08-18,0.003322076709318316,-0.0013765349326857511,0.004698611642004067,3.434268709521166,1.883659602949963,1.550609106571203
2025-08-19,-0.03566655050987821,-0.01987151332526696,-0.015795037184611248,3.3117801911285354,1.846228436049676,1.4655517550788595
2025-08-20,-0.006409699097715182,-0.010699038451446506,0.004289339353731324,3.290552676625628,1.8264755670222266,1.4640771096034013
2025-08-21,-0.002046517171011923,-0.0041741471846222615,0.0021276300136103387,3.2838185040707946,1.8188515891763595,1.464966914894435
2025-08-22,0.01741597160927031,0.019975088680015605,-0.0025591170707452947,3.341009393907688,1.8551833109659446,1.4858260829417433
2025-08-25,0.001689792303389938,0.0020838475380073676,-0.0003940552346174296,3.346655005867066,1.8590492301410533,1.4876057757260128
2025-08-26,0.011323047844241364,0.00499299819444069,0.006330049649800673,3.384549340616669,1.868331459590524,1.5162178810261449
2025-08-27,0.0010140346980772642,0.0016187305035929875,-0.0006046958055157233,3.3879813910854093,1.8713557847149858,1.5166256063704235
2025-08-28,0.01267572698685971,0.006704057881559932,0.005971669105299778,3.4309265182353696,1.8839014622127073,1.5470250560226624
2025-08-29,-0.02438456538353085,-0.014852042853791178,-0.009532522529739672,3.3472648662253697,1.8559216769636042,1.4913431892617655
2025-09-02,-0.011529918529576584,-0.010134180151718943,-0.0013957383778576415,3.308671175020877,1.8371134323417746,1.4715577426791022
2025-09-03,0.012197528780339851,0.018926753788288085,-0.006729225007948234,3.3490287869028745,1.871884025956864,1.4771447609460104
2025-09-04,0.015192261394414723,0.012155652918395715,0.0030366084760190086,3.3999081076509223,1.894637998479885,1.5052701091710374
2025-09-05,0.003458202038469611,-0.001490916477683072,0.004949118516152683,3.4116656767994105,1.8918132514687067,1.5198524253307037
2025-09-08,0.007689554373889083,0.004666671429406706,0.003022882944482377,3.4378998655266906,1.900641722319109,1.5372581432075816
2025-09-09,0.012818756741942064,0.0053275441930522765,0.0074912125488897875,3.4819694676060324,1.910767475089923,1.5712019925161094
2025-09-10,0.040659885037082434,0.005733733355137131,0.0349261516819453,3.623545945861525,1.921723306295757,1.701822639565768
2025-09-11,0.0007251661815922831,0.003766423904955405,-0.003041257723363122,3.62617361883891,1.928961330895299,1.697212287943611
2025-09-12,0.010840992946841993,0.01126360345734801,-0.000422610510506018,3.665484941464767,1.9506883864110622,1.714796555053705
2025-09-15,0.010079836508016839,0.014807517270320715,-0.004727680762303876,3.7024324303973297,1.9795732383818583,1.7228591920154714
2025-09-16,-0.001797294711382019,-0.000902555391077285,-0.0008947393203047339,3.6957780681709274,1.9777865638835244,1.717991504287403
2025-09-17,-0.005984452958980682,-0.008679395975314709,0.002694943016334027,3.673660858175126,1.9606205711409221,1.7130402870342039
2025-09-18,0.0170899315877795,0.006662341194737836,0.010427590393041666,3.7364434709180423,1.9736828943392846,1.7627605765787577
2025-09-19,0.014056321055401114,0.011526284661196236,0.002530036394204878,3.788964119950624,1.996432125210373,1.7925319947402512
2025-09-22,0.0036914167620235583,0.008833678871483763,-0.005142262109460205,3.802950765613715,2.0140679654931954,1.7888828001205197
2025-09-23,-0.014652240794641311,-0.013850881510129498,-0.0008013592845118132,3.7472290152657775,1.9861713487498016,1.7610576665159758
2025-09-24,-0.014683456766087021,-0.002805364534885982,-0.011878092231201039,3.6922067400274954,1.9805994140878123,1.7116073259396831
2025-09-25,-0.007590163981126501,-0.004288679640151898,-0.003301484340974603,3.664182285418466,1.972105257705317,1.692077027713149
2025-09-26,0.002050367737081278,0.0036191920909769467,-0.0015688243538956688,3.671695206559273,1.979242685456578,1.6924525211026948
2025-09-29,0.00709309709005067,0.0035558363227606023,0.0035372607672900674,3.6977388971444713,1.9862805484890829,1.7114583486553885
2025-09-30,0.02220896169484214,0.005051068569864237,0.017157893124977903,3.779861838668681,1.9963133877384887,1.7835484509301924
2025-10-01,0.01722252629941154,0.005288160119244299,0.01193436618016724,3.8449606085932944,2.006870212581041,1.8380903960122534
2025-10-02,0.0033853493755677156,0.0016883569694586776,0.001696992406109038,3.8579771435886783,2.010258525891251,1.8477186176974274
2025-10-03,-0.013779968364954506,-0.005707233447766218,-0.008072734917188289,3.8048143405973085,1.998785511193627,1.8060288294036815
2025-10-06,0.009435325042762111,0.00808923636975277,0.0013460886730093415,3.8407140006282066,2.014954159646109,1.8257598409820974
2025-10-07,-0.003587479892649713,-0.007104589716903792,0.003517109824254079,3.8269355163775347,2.000638737043455,1.8262967793340796
2025-10-08,0.0151825439243835,0.010732805664312641,0.004449738260070859,3.88503813295072,2.022111203812638,1.8629269291380819
2025-10-09,0.0007108919188898791,0.0010570797511672892,-0.00034618783227741015,3.8877999751640133,2.024248736620797,1.8635512385432165
2025-10-10,-0.03851162717301153,-0.03866844634470888,0.00015681917169735327,3.7380744719972534,1.945974182960431,1.7921002890368225
2025-10-13,0.05875417632746703,0.02675839102855961,0.031995785298907425,3.9577019586501834,1.998045321079568,1.9596566375706155
2025-10-14,-0.006194761415952505,-0.014131970927001122,0.007937209511048617,3.9331849392608973,1.9698090026912407,1.9633759365696566
2025-10-15,0.007537114901587299,0.006655731254255492,0.0008813836473318066,3.9628298060772993,1.9829195220353666,1.9799102840419327
2025-10-16,0.0006197157624497217,-0.0008053264036440137,0.0014250421660937354,3.9652856341720306,1.9813226245879703,1.9839630095840604
2025-10-17,-0.0023258275069536678,0.006486872897027269,-0.008812700403980937,3.956063063771145,1.994175212621677,1.9618878511494682
2025-10-20,0.005778799507502269,0.01337929809818369,-0.007600498590681421,3.9789243590557137,2.020855877251351,1.9580684818043625
2025-10-21,-0.0129820879881322,-0.003815156371409254,-0.009166931616722947,3.92726961292833,2.013145996075556,1.9141236168527742
2025-10-22,-0.018495687277112774,-0.005995448138381971,-0.012500239138730803,3.8546320623147,2.0010762836610936,1.8535557786536065
2025-10-23,0.021927286090911803,0.008554787410913273,0.01337249867999853,3.9391536823202764,2.0181950658608345,1.9209586164594419
2025-10-24,0.027308323932066877,0.013522784138423661,0.013785539793643217,4.046725367095273,2.045486682085702,2.0012386850095707
2025-10-27,0.019368875597801215,0.023668514932937906,-0.00429963933513669,4.125105887309007,2.093900314165773,2.031205573143234
2025-10-28,0.01557204760227264,0.016250864132886598,-0.0006788165306139578,4.189342232550598,2.1279280036790897,2.0614142288715085
2025-10-29,0.042100732164393376,0.014243564962053645,0.02785716720233973,4.365716607828193,2.158237284434066,2.2074793233941272
2025-10-30,-0.0155118818529791,-0.021391605871251097,0.005879724018271996,4.297996127603973,2.112069123068813,2.18592700453516
2025-10-31,0.00828191268066917,0.005478476270181338,0.0028034364104878315,4.333591756234644,2.123640043640528,2.209951712594116
2025-11-03,0.01974930851436063,0.009103296751564962,0.010646011762795669,4.419177196803813,2.142972169151294,2.2762050276525185
2025-11-04,-0.044810785154176136,-0.02248600999533975,-0.022324775158836387,4.221150396879603,2.0947852755360232,2.1263651213435795
2025-11-05,0.01704284514953166,0.0038646280596752102,0.013178217089856448,4.293090809446506,2.102880841490854,2.1902099679556515
2025-11-06,-0.026292101465228635,-0.019395193970119236,-0.006896907495109399,4.180216430285098,2.0620950596740917,2.1181213706110062
2025-11-07,-0.0038932794193105276,-0.0059094083564051395,0.002016128937094612,4.163941679688805,2.0499092978967517,2.1140323817920534
2025-11-10,0.0449915709606506,0.029813467883901504,0.015178103076749098,4.351283957246534,2.1110242029145074,2.2402597543320266
2025-11-11,-0.020063883004291332,-0.004209334279971185,-0.01585454872432015,4.26398030500989,2.1021381963713304,2.16184210863856
2025-11-12,-0.008029457371773352,-0.007166432382473815,-0.0008630249892995368,4.229742856916732,2.0870733651284197,2.1426694917883125
2025-11-13,-0.05286888129974922,-0.02558885759082727,-0.02728002370892195,4.006121083885939,2.03366754200654,1.9724535418793994
2025-11-14,0.017912802961679644,0.004697882558022628,0.013214920403657016,4.077881941502219,2.043221473280949,2.03466046822127
2025-11-17,-0.006887389587281175,-0.004771597560555118,-0.002115792026726057,4.049795979880154,2.0334720426833677,2.0163239371967867
2025-11-18,-0.02044352993141163,-0.018079909969383638,-0.002363619962027993,3.9670038545493638,1.9967070512263936,1.9702968033229702
2025-11-19,0.016786135024485,0.011208112262435578,0.005578022762049424,4.033594516894482,2.019086368011736,2.014508148882746
2025-11-20,-0.04608626830501571,-0.0201112943302344,-0.025974973974781306,3.847701197755242,1.978479927786488,1.8692212699687543
2025-11-21,-0.0015538329445021837,0.00523103820848249,-0.006784871152984674,3.8417225128735697,1.988829431883455,1.8528930809901147
2025-11-24,0.050898817057020686,0.0354745380477885,0.015424279009232184,4.037261644240159,2.0593822372353663,1.9778794070047927
2025-11-25,0.002424977435205454,0.004872094242991733,-0.002447116807786279,4.047051912627461,2.0694157415775205,1.9776361710499408
2025-11-26,0.01854188563401694,0.007452162079409244,0.011089723554607696,4.122091886346329,2.084837363093437,2.037254523252892
2025-11-28,0.015557344479243933,0.005333664172828769,0.010223680306415165,4.186220689797315,2.0959571854431434,2.0902635043541715
2025-12-01,-0.01372288169179503,-0.0027335422681738016,-0.010989339423621229,4.128773678535482,2.090227797884452,2.03854588065103
2025-12-02,0.012119438582316903,0.005395572318557496,0.006723866263759407,4.178812097552779,2.1015057731301967,2.0773063244225822
2025-12-03,0.0007235219519139864,-0.004186890548162481,0.0049104125000764675,4.181835559838282,2.092706998471769,2.089128561366513
2025-12-04,0.01673944920752503,0.003984031662311713,0.012755417545213315,4.251837183786416,2.1010444094136216,2.150792774372795
2025-12-05,0.012605340910256696,0.004645477975267201,0.007959862934989495,4.30543304098295,2.110804764942611,2.1946282760403393
2025-12-08,-0.0011211505360054826,-0.00030260343709822434,-0.0008185470989072582,4.300606002421317,2.110166028165696,2.1904399742556206
2025-12-09,0.002105804969964079,0.0023421376956546747,-0.00023633272569059584,4.309662239915073,2.1151083275643527,2.1945539123507203
2025-12-10,0.008080742547158362,0.0025266403498359043,0.005554102197322458,4.344487510941036,2.1204524456090508,2.2240350653319854
2025-12-11,-0.0033060997315034254,-0.008327953856682535,0.005021854125179109,4.330124201947594,2.102793415486729,2.227330786460865
2025-12-12,-0.04016130344930566,-0.02075248266348817,-0.019408820785817488,4.156220769899995,2.059155231586944,2.0970655383130508
2025-12-15,-0.011257941679268482,-0.0060518385409629154,-0.005206103138305567,4.109430278866296,2.0466935565946005,2.0627367222716955
2025-12-16,0.004345659831916881,0.005026546511225455,-0.0006808866793085741,4.127288464961229,2.0569813569510487,2.07030710801018
2025-12-17,-0.04365897786533644,-0.02371365171803056,-0.019945326147305882,3.947095269225628,2.0082028174618296,1.9388924517637984
2025-12-18,0.031368737303723665,0.018627010684541024,0.012741726619182641,4.070910663838737,2.045609632799416,2.025301031039321
2025-12-19,0.03481873063267095,0.014361904986975385,0.020456825645695564,4.212654605672607,2.074988483986123,2.137666121686484
2025-12-22,0.010709558220066237,0.004954436390652996,0.005755121829413241,4.257770275433088,2.08526888244137,2.172501392991718
2025-12-23,0.009594507680024634,0.012354182860856561,-0.002759675180831927,4.298621485040511,2.1110306755291046,2.187590809511406
2025-12-24,0.0027075671641955254,0.001592177053933608,0.0011153901102619174,4.310260291424712,2.114391810130832,2.1958684812938802
2025-12-26,-0.006743271280169639,-0.0007812519121718326,-0.0059620193679978065,4.281195036991493,2.112739937486087,2.168455099505406
2025-12-29,-0.008521982326040347,-0.00558109973881541,-0.0029408825872249368,4.244710768551919,2.1009485251727984,2.143762243379121
2025-12-30,-0.005996012865099422,-0.0009792694457627584,-0.005016743419336663,4.219259428175056,2.098891130474976,2.12036829770008
2025-12-31,-0.009731796964826284,-0.006848869165477727,-0.0028829277993485574,4.178198452078128,2.0845160997297714,2.0936823523483565
2026-01-02,0.02018643594108973,-0.0035427537275180944,0.023729189668607823,4.262541387480163,2.077131172547382,2.185410214932781
2026-01-05,0.003323004228608668,0.002972197035373564,0.000350807193235104,4.27670583053538,2.0833048156605094,2.1934010148748704
2026-01-06,0.012606918227452382,1.099100964763769e-05,0.012595927217804745,4.330621911223808,2.0833277132838375,2.2472941979399708
2026-01-07,0.008249419126482754,0.00448432485498728,0.0037650942714954738,4.366347026447824,2.0926700315296,2.273676994918224
2026-01-08,-0.008828729541829242,-0.005984428314677227,-0.0028443012271520147,4.327797729465545,2.0801465977396374,2.247651131725908
2026-01-09,0.019573172349409328,0.007883401917017006,0.011689770432392322,4.412506460317756,2.0965452294159346,2.3159612309018214
2026-01-12,0.00859324927853714,0.0025517352581034152,0.0060415140204337255,4.450424228274422,2.101895057798044,2.3485291704763784
2026-01-13,0.0018077850559291679,-0.0013875851936520542,0.0031953702495812223,4.458469638686842,2.098978499337233,2.359491139349609
2026-01-14,-0.018549278953063138,-0.015474787558694827,-0.003074491394368311,4.375768241655077,2.0664972529697216,2.3092709886853555
2026-01-15,0.0066853556622738855,0.0023584840794372104,0.004326871582836675,4.405021808646224,2.0713710538410517,2.3336507548051726
2026-01-16,0.015773475464670974,0.00028470606249366033,0.015488769402177313,4.474504312066246,2.071960785737754,2.402543526328492
2026-01-20,-0.024028238762876682,-0.031029448689471176,0.007001209926594493,4.366989854110398,2.007668984850108,2.35932086926029
2026-01-21,0.010045530455180859,0.008861990775847135,0.0011835396793337238,4.410858583687329,2.025460928874804,2.385397654812525
2026-01-22,0.004094615481053738,0.01265095532451849,-0.008556339843464753,4.428919353528833,2.051084944597557,2.3778344089312764
2026-01-23,0.005831179135732518,0.008660757421303348,-0.00282957828557083,4.454745175656973,2.068848893753204,2.3858962819037695
2026-01-26,0.00013701795969304478,0.006763690785346995,-0.00662667282565395,4.455355555751894,2.082841947952158,2.3725136077997364
2026-01-27,0.02389210525475573,0.012778545534311587,0.011113559720444144,4.561803379637279,2.1094576386248387,2.4523457410124405
2026-01-28,0.014362501994688965,0.0026625471596140758,0.01169995483507489,4.627322289776698,2.1150741690688855,2.5122481207078127
2026-01-29,-0.016909302049257353,-0.007808903514845329,-0.009100398534412024,4.549077499499603,2.098557758955885,2.4505197405437182
2026-01-30,-0.012168368409752175,-0.004386054904764051,-0.007782313504988124,4.493722648561177,2.089353369404286,2.4043692791568914
2026-02-02,0.00907548069069439,0.0023391085720000787,0.0067363721186943105,4.53450534168753,2.094240593780597,2.4402647479069333
