date,portfolio_return,benchmark_return,excess_return,portfolio_cumulative,benchmark_cumulative,excess_cumulative
2023-08-31,0.0,0.0009349065092330961,-0.0009349065092330961,1.0,1.000934906509233,-0.0009349065092330022
2023-09-01,-0.005179400305758583,-0.005317380201703888,0.0001379798959453048,0.9948205996942414,0.9956125550541665,-0.0007919553599250451
2023-09-05,0.004617508871549586,0.0037550820337638883,0.0008624268377856979,0.9994141926389299,0.9993511618722402,6.303076668978669e-05
2023-09-06,-0.017417271971693068,-0.009452808185272507,-0.00796446378642056,0.9820071238333676,0.9899044870293326,-0.007897363195965013
2023-09-07,-0.007621381338559745,-0.0029843406495499566,-0.004637040689009789,0.9745228730654513,0.986950274829519,-0.012427401764067758
2023-09-08,0.0007780080014911947,-0.002625003807318133,0.0034030118088093277,0.9752810596583323,0.9843595266004579,-0.009078466942125551
2023-09-11,0.012341171431397863,0.019337105330224088,-0.006995933898826225,0.9873171704093712,1.0033941904491404,-0.016077020039769185
2023-09-12,-0.014495343404284641,-0.011822423819604463,-0.0026729195846801786,0.9730056689753408,0.9915316390715218,-0.018525970096180955
2023-09-13,0.008800269605239809,0.004156024120986077,0.004644245484253732,0.9815683811897505,0.9956524684802239,-0.01408408729047339
2023-09-14,0.008371154733676256,0.01461154862876509,-0.006240393895088835,0.989785241990374,1.0102004929407726,-0.020415250950398645
2023-09-15,-0.020706265678567162,-0.01995466685632546,-0.000751598822241701,0.9692904858049964,0.9900422786460438,-0.020751792841047334
2023-09-18,0.0022489838669470068,-0.003473654376547931,0.005722638243494938,0.9714704044699571,0.9866032139518575,-0.015132809481900322
2023-09-19,-0.003021511714648661,-0.0005861598338566638,-0.002435351880791997,0.9685350952624167,0.986024906775885,-0.01748981151346829
2023-09-20,-0.023906530159891495,-0.019636103826865408,-0.004270426333026087,0.9453807817966123,0.9666632193305583,-0.021282437533945986
2023-09-21,-0.021091895785228812,-0.024376548220235453,0.003284652435006641,0.9254409088696,0.9430993067518189,-0.0176583978822189
2023-09-22,0.001978187110719083,0.001163117439861049,0.0008150696708580339,0.9272716041472581,0.9441962420030227,-0.01692463785576459
2023-09-25,0.008761830386807527,0.006914008436089008,0.001847821950718519,0.9353962006652993,0.9507244227855551,-0.015328222120255863
2023-09-26,-0.018959241433277648,-0.01814074310001695,-0.0008184983332606977,0.9176617982611153,0.9334775752728905,-0.01581577701177528
2023-09-27,0.004656736032279743,0.007325875857687096,-0.0026691398254073528,0.9219351070225245,0.9403161161052744,-0.018381009082749977
2023-09-28,0.009973121007109056,0.009438087649727329,0.0005350333573817274,0.9311296774055621,0.9491909020275272,-0.018061224621965133
2023-09-29,0.003382062510115551,0.006506794853768918,-0.0031247323436533673,0.9342788161795714,0.9553670925040842,-0.021088276324512822
2023-10-02,0.02220047703256474,0.00640683946470443,0.015793637567860307,0.9550202515801778,0.9614879760956192,-0.00646772451544142
2023-10-03,-0.024399134773227055,-0.02561395307003715,0.0012148182968100968,0.9317185837507118,0.936860468198501,-0.00514188444778918
2023-10-04,0.017448868119419383,0.01884734301799639,-0.0013984748985770082,0.9479760184429902,0.9545177988026388,-0.006541780359648586
2023-10-05,0.004442834492227517,-0.0023605018586523906,0.006803336350879908,0.9521877189955332,0.9522646577644482,-7.693876891501361e-05
2023-10-06,0.023023435606790904,0.023395099834141828,-0.0003716642273509235,0.974110351629404,0.9745429845013724,-0.00043263287196848577
2023-10-09,0.0028472959061690284,0.003298463288355907,-0.00045116738218687865,0.9768839320457552,0.977757478758675,-0.0008735467129198371
2023-10-10,0.004453623639796284,0.010943940270952964,-0.00649031663115668,0.9812346054188513,0.9884579982056876,-0.007223392786836258
2023-10-11,0.017061762393272742,0.015241009642535105,0.0018207527507376371,0.9979761971085644,1.0035230960875814,-0.005546898979016945
2023-10-12,-0.00036534687142655994,-0.002645253246888468,0.002279906375461908,0.9976115896271927,1.0008685233593282,-0.0032569337321355363
2023-10-13,-0.02214857283541052,-0.02077561316672436,-0.001372959668686162,0.9755159166728852,0.9800748660872641,-0.004558949414378954
2023-10-16,0.01407981127625959,0.01826744813618433,-0.004187636859924741,0.9892509966766269,0.9979783328730911,-0.008727336196464264
2023-10-17,-0.014421072658674376,-0.002029245182613877,-0.012391827476060498,0.9749849361758871,0.9959531901487554,-0.020968253972868278
2023-10-18,-0.023261813834628282,-0.021744924911627734,-0.0015168889230005485,0.9523050180989966,0.9742962628134746,-0.021991244714477998
2023-10-19,-0.004548316313354936,-0.015410399362307797,0.01086208304895286,0.9479736336498872,0.959281968306315,-0.011308334656427776
2023-10-20,-0.01787225595441364,-0.021863334110392856,0.003991078155979218,0.9310312062312608,0.9383088661271587,-0.007277659895897903
2023-10-23,0.017142105038504968,0.007920052494962432,0.009222052543542535,0.9469910409626031,0.9457403216033745,0.0012507193592286026
2023-10-24,0.013322556185746591,0.01763170521770824,-0.00430914903196165,0.9596073823132261,0.9624153361663857,-0.0028079538531596837
2023-10-25,-0.03785477152859129,-0.0334902991783665,-0.004364472350224788,0.9232816640986093,0.9301837586243252,-0.006902094525715885
2023-10-26,-0.03153401672883748,-0.030285616604006364,-0.0012484001248311179,0.8941668846574948,0.9020125699393553,-0.00784568528186047
2023-10-27,0.012693324355025036,0.006494608420051647,0.006198715934973389,0.9055168349519748,0.9078707883710759,-0.0023539534191011624
2023-10-30,0.018603611715677676,0.01078977544085122,0.007813836274826456,0.9223627185514306,0.9176665103069084,0.004696208244522215
2023-10-31,-0.0011723595555058364,0.007181017365749874,-0.00835337692125571,0.9212813778046944,0.9242562894533893,-0.0029749116486949
2023-11-01,0.028087070738331606,0.01810476600595822,0.009982304732373385,0.9471574730330025,0.940989733303478,0.006167739729524446
2023-11-02,0.01805897741352605,0.03377238030987641,-0.015713402896350356,0.9642621684455578,0.9727691964442923,-0.008507027998734484
2023-11-03,0.018236060285554852,0.01439245712060339,0.003843603164951463,0.9818465114804109,0.9867697353923605,-0.004923223911949548
2023-11-06,0.010616805626862645,-0.00301423358868065,0.013631039215543296,0.9922705850482116,0.9837953809116472,0.00847520413656444
2023-11-07,0.00941591834596136,0.008125016677664068,0.001290901668297293,1.001613723854125,0.9917887347889632,0.009824989065161716
2023-11-08,0.00744505317061798,0.0023804163975325887,0.005064636773085392,1.0090707912846397,0.9941496049561429,0.014921186328496816
2023-11-09,-0.0018021455921741008,0.0008663731372275171,-0.002668518729401618,1.0072522988059345,0.9950109094682623,0.01224138933767216
2023-11-10,0.02707894992911331,0.025566239497069522,0.0015127104320437866,1.0345276333712847,1.020449596681925,0.014078036689359807
2023-11-13,-0.001215703180190359,0.0017760360836497858,-0.002991739263840145,1.0332699548374005,1.0222619519871778,0.011008002850222631
2023-11-14,0.01755906497730526,0.03293941038065418,-0.015380345403348917,1.0514132091134876,1.055934657940212,-0.00452144882672445
2023-11-15,-0.006109564411456802,0.0003783951646552183,-0.006487959576112021,1.044989532389352,1.0563342185089684,-0.011344686119616254
2023-11-16,0.009826136958411561,-0.002742165855711093,0.012568302814122655,1.0552577426547163,1.0534375748827538,0.0018201677719624776
2023-11-17,-0.0032230894612419124,0.00609073832451121,-0.009313827785753123,1.051856552545472,1.0598537874925724,-0.007997234947100473
2023-11-20,0.017058547023235237,0.01629268946617537,0.0007658575570598652,1.0697996970087669,1.0771216561317387,-0.007321959122971844
2023-11-21,-0.009790258488980835,-0.013636054423192849,0.003845795934212014,1.0593260814436176,1.0624339666083267,-0.0031078851647090566
2023-11-22,-0.0013931948418340636,0.0031684369163055112,-0.004561631758139575,1.05785023381113,1.0658002216092652,-0.007949987798135272
2023-11-24,-0.010846359066064556,-0.0059763984795788705,-0.004869960586485686,1.046376410337094,1.0594305747853048,-0.013054164448210726
2023-11-27,0.0030639369382596607,-0.002807035880924167,0.005870972819183828,1.0495824416720494,1.0564567151485345,-0.00687427347648506
2023-11-28,0.0002966447055924703,0.008437366642447772,-0.008140721936855302,1.0498937947464544,1.0653704277961187,-0.01547663304966429
2023-11-29,-0.003711057251598309,0.0003891386579853312,-0.00410019590958364,1.0459975787660525,1.0657850046146484,-0.01978742584859594
2023-11-30,-0.012185123199959152,-0.003714278736736909,-0.008470844463222243,1.033251969401929,1.0618263820340752,-0.028574412632146107
2023-12-01,-0.0001474607107599223,0.007400770058969945,-0.007548230769729868,1.033099605332127,1.0696847149300575,-0.036585109597930376
2023-12-04,-0.020938474860653304,-0.016916886403859525,-0.0040215884567937794,1.0114680752173295,1.0515889801196407,-0.04012090490231124
2023-12-05,0.01422436680426543,0.0015105504409257482,0.012713816363339682,1.0258555681300252,1.0531774583172333,-0.027321890187208098
2023-12-06,-0.0167732711742338,-0.016360176980288584,-0.0004130941939452168,1.0086486145001827,1.035947288707513,-0.02729867420733023
2023-12-07,0.02320964386574752,0.01414304421338591,0.00906659965236161,1.0320589896284116,1.0505987370144405,-0.018539747386028926
2023-12-08,0.011545607372066877,0.013059289028020706,-0.0015136816559538288,1.0439747375074733,1.0643188095735856,-0.02034407206611233
2023-12-11,-0.011255583837238967,0.0006031673630485598,-0.011858751200287527,1.0322241923254982,1.064960771943399,-0.032736579617900885
2023-12-12,0.013159427793701198,0.006256115788476675,0.006903312005224523,1.0458076720513172,1.0716232898428624,-0.025815617791545176
2023-12-13,0.005488709221740704,0.009860187385080476,-0.004371478163339771,1.0515478062650723,1.0821896962869295,-0.030641890021857243
2023-12-14,-0.0028131949032361688,0.009726070117923907,-0.012539265021160075,1.0485895973359782,1.0927151491539109,-0.04412555181793265
2023-12-15,0.009622846827648766,0.005049264774169073,0.004573582053479693,1.058680014416208,1.0982325572647347,-0.039552542848526606
2023-12-18,0.01669819232671439,0.0046760522697255275,0.012022140056988862,1.0763580569093787,1.103367950106819,-0.027009893197440293
2023-12-19,-2.8367417901117528e-05,0.00949940192699877,-0.009527769344899888,1.0763275234105671,1.1138492857382523,-0.037521762327685115
2023-12-20,-0.016080149985654314,-0.020652887020396138,0.004572737034741824,1.0590200154004374,1.0908450822821512,-0.031825066881713715
2023-12-21,0.014789023393641127,0.023932682398142315,-0.009143659004501188,1.0746818871825288,1.1169519311819853,-0.04227004399945655
2023-12-22,-0.00033485206171923884,-0.00013107888877608506,-0.00020377317294315378,1.0743220277369134,1.1168055223640296,-0.0424834946271162
2023-12-26,0.004548988162710164,0.0058662926355559026,-0.0013173044728457383,1.0792091059240274,1.1233570303752218,-0.04414792445119442
2023-12-27,-0.0005318947089060516,0.00063703157611362,-0.0011689262850196715,1.0786350803107831,1.1240726442748201,-0.045437563964036976
2023-12-28,0.0015512961909765486,-0.002297925107872454,0.0038492212988490027,1.080308362802323,1.1214896095224685,-0.04118124672014556
2023-12-29,-0.00341450466645843,-0.009895835308907723,0.006481330642449292,1.0766196448563203,1.1103915330459828,-0.03377188818966248
2024-01-02,-0.022841942058441544,-0.02096401730299432,-0.0018779247554472252,1.0520275613095322,1.0871132657341085,-0.03508570442457626
2024-01-03,-0.007058250806514193,-0.013633301814748755,0.006575051008234562,1.044602086926444,1.0722923224755383,-0.027690235549094222
2024-01-04,-0.0025041424183378643,-0.0035579722152041526,0.0010538297968662883,1.0419862545302874,1.0684771361855936,-0.02649088165530622
2024-01-05,0.009925381462592343,0.0018374459683207884,0.008087935494271555,1.0523283655852784,1.0704404051917207,-0.018112039606442254
2024-01-08,0.04127063040805277,0.025441918764580615,0.015828711643472153,1.0957586206292587,1.0976744630229334,-0.0019158423936747049
2024-01-09,0.011256337353245377,-0.0026772477861091845,0.013933585139354561,1.1080928493207882,1.0947357164969367,0.013357132823851536
2024-01-10,0.01621119604837026,0.009133937419670066,0.007077258628700194,1.1260563597409246,1.1047349640224975,0.02132139571842706
2024-01-11,0.00646686738046664,-5.9367508532765386e-05,0.006526234888999406,1.1333384168823002,1.1046693786600945,0.02866903822220568
2024-01-12,0.0011986373501446615,-0.0032462713284363053,0.004444908678580967,1.1346968786391292,1.1010833221287486,0.03361355651038056
2024-01-16,0.012883902575326962,-0.0032496430199031932,0.016133545595230156,1.1493162026760433,1.0975051943966612,0.05181100827938212
2024-01-17,-0.006145505638337111,-0.011165219141481685,0.005019713503144573,1.1422530734722653,1.0852513083923079,0.05700176507995747
2024-01-18,0.018155439404146278,0.014020109616585277,0.004135329787561001,1.162991179931891,1.1004666506975107,0.06252452923438034
2024-01-19,0.030254027968708536,0.023265883042027813,0.006988144926680723,1.1981763476169118,1.126069979084291,0.07210636853262087
2024-01-22,0.0011497142985333094,0.008692326628954156,-0.007542612330420847,1.1995539080959314,1.1358581471495512,0.06369576094638019
2024-01-23,0.004612317646139346,0.0004411614015429674,0.004171156244596379,1.2050866317537379,1.1363592439217016,0.06872738783203625
2024-01-24,0.014697831139102635,0.0022875978002895227,0.012410233338813113,1.2227987915752443,1.1389587768284355,0.0838400147468088
2024-01-25,0.0063490431990338055,-0.0033538109686977414,0.009702854167731548,1.2305623939266819,1.1351389243898138,0.09542346953686809
2024-01-26,-0.004899353946577646,-0.0031867803230654504,-0.0017125736235121952,1.2245334332054871,1.1315214860016227,0.09301194720386441
2024-01-29,0.016935600318195566,0.012656857316825856,0.00427874300136971,1.245271642006523,1.145842992000868,0.09942865000565515
2024-01-30,-0.0026338833343883504,-0.009056184103271888,0.006422300768883537,1.2419917417818558,1.1354660269118642,0.10652571486999163
2024-01-31,-0.02974230121005108,-0.02219657270630124,-0.0075457285037498385,1.205052049297384,1.11026257268998,0.094789476607404
2024-02-01,0.021497769278400178,0.01955418271541644,0.0019435865629837366,1.2309579802216424,1.131972849898448,0.09898513032319434
2024-02-02,0.037737076851979745,0.032349438204219136,0.005387638647760609,1.2774107361228244,1.1685915356550918,0.10881920046773264
2024-02-05,0.016771610069630054,-0.005267465781450124,0.022039075851080177,1.2988349708878355,1.1624360197285364,0.13639895115929912
2024-02-06,-0.00697642264555822,0.019238225551230944,-0.026214648196789165,1.2897737491840906,1.1847992260649491,0.10497452311914146
2024-02-07,0.02066377178888286,0.019534419811604198,0.0011293519772786614,1.3164253395965226,1.2079435915393657,0.10848174805715693
2024-02-08,-0.0006805211063563707,0.00629159876755321,-0.006972119873909581,1.3155294843679848,1.2155434879511684,0.09998599641681638
2024-02-09,0.024264768563082094,0.012405156010579703,0.011859612552502391,1.3474505028440846,1.230622494556847,0.11682800828723772
2024-02-12,-0.003876244508289458,-0.0015177215216559937,-0.002358522986633464,1.3422274552322433,1.228754752311824,0.11347270292041922
2024-02-13,-0.012136997198100938,-0.021580392744635198,0.009443395546534259,1.3259368443688755,1.202237742170098,0.12369910219877744
2024-02-14,0.01774323469294265,0.018774841513052917,-0.0010316068201102653,1.3494632529865322,1.2248095652403521,0.12465368774618013
2024-02-15,-0.012066940377424607,0.0022100047809967462,-0.014276945158421353,1.3331793603712183,1.2275164002353438,0.1056629601358745
2024-02-16,-0.011440529522647088,-0.023813517370461983,0.012372987847814895,1.3179270825399076,1.1982849171158125,0.11964216542409511
2024-02-20,-0.023444970235283434,-0.019223759450256665,-0.004221210785026769,1.2870283213174856,1.1752493761163074,0.11177894520117815
2024-02-21,-0.0118373536085599,-0.0059662002698760855,-0.005871153338683815,1.2717933119738194,1.1682376029713506,0.1035557090024688
2024-02-22,0.08167606678547293,0.03739934712664558,0.044276719658827346,1.375668387459911,1.2119289266112765,0.16373946084863444
2024-02-23,-0.00011238673072985037,-0.005951595169570889,0.005839208438841038,1.375513780587276,1.2047160162657935,0.17079776432148241
2024-02-26,-0.004387498032470309,0.009587218700954213,-0.01397471673342452,1.3694787165813134,1.2162658921862761,0.15321282439503725
2024-02-27,0.0017488424086003773,0.011316747402349071,-0.009567904993748693,1.3718737190385464,1.2300300660622407,0.14184365297630563
2024-02-28,-0.010452323193856815,-0.008083869376802867,-0.0023684538170539483,1.3575344515459973,1.2200866636786534,0.1374477878673439
2024-02-29,0.014972934368562507,0.009348773135402576,0.005624161233159931,1.377860725792058,1.2314929771029153,0.14636774868914282
2024-03-01,0.02153478886938079,0.020368640917993192,0.0011661479513875965,1.407532665613402,1.256576815346555,0.15095585026684688
2024-03-04,0.0069354762935841825,-0.009108230590531615,0.0160437068841158,1.417294575048209,1.2451316239576629,0.17216295109054625
2024-03-05,-0.008857928776004456,-0.016019754849533697,0.007161826073529241,1.4047402806478146,1.2251849205864593,0.1795553600613553
2024-03-06,0.013827946394745274,0.014618894726019857,-0.0007909483312745838,1.4241649539471521,1.24309576996042,0.18106918398673222
2024-03-07,0.030926490997603674,0.025611030227043943,0.005315460770559732,1.4682093785745014,1.274932733299987,0.1932766452745145
2024-03-08,-0.026809073701776587,-0.017953025857367858,-0.00885604784440873,1.4288480451346581,1.2520438329726475,0.1768042121620106
2024-03-11,-0.010644100415359807,-0.010404440360909031,-0.0002396600544507764,1.4136392430639544,1.2390170175832396,0.17462222548071482
2024-03-12,0.03803847169788434,0.017487799293661604,0.020550672404222734,1.4674119194022612,1.2606846985081663,0.2067272208940949
2024-03-13,-0.003707544464965466,-0.009296257598272906,0.00558871313330744,1.461971424462657,1.2489650488006334,0.21300637566202352
2024-03-14,-0.0041300242337574365,-0.011554464555740504,0.007424440321983068,1.4559334470505654,1.2345339264129078,0.22139952063765755
2024-03-15,-0.010389987157951095,-0.0063040134954431065,-0.004085973662507988,1.4408063172328784,1.2267514078802186,0.2140549093526598
2024-03-18,0.01579641954896186,0.021277247517778673,-0.005480827968816812,1.4635658983086837,1.2528533012284695,0.21071259708021417
2024-03-19,0.0050461111353046805,-0.0012363392059527856,0.006282450341257466,1.4709512144853911,1.2513043495728533,0.21964686491253782
2024-03-20,0.012834906495378228,0.016714117076649073,-0.003879210581270845,1.4898307357825744,1.2722187969701344,0.21761193881244
2024-03-21,0.009669849950036356,0.018042131549322514,-0.008372281599286158,1.504237175448544,1.2951723358645904,0.2090648395839536
2024-03-22,0.01606045808083779,0.004396870963162504,0.011663587117675286,1.5283959135484733,1.3008670415004449,0.2275288720480284
2024-03-25,-0.0007079998845084138,0.005297280299333851,-0.006005280183842264,1.5273138094181977,1.307758098851438,0.21955571056675982
2024-03-26,-0.009557629845335517,0.0057939093419621885,-0.015351539187297706,1.5127163093701093,1.3153351307174,0.19738117865270932
2024-03-27,-0.009450327967699096,-0.00047276153218501506,-0.00897756643551408,1.4984206441244743,1.3147132908656651,0.18370735325880916
2024-03-28,-0.0008090125010653939,-0.0034110764613799385,0.0026020639603145444,1.4972084030915231,1.3102287033057298,0.18697969978579332
2024-04-01,0.007454287102048556,0.013545070930057558,-0.006090783828009002,1.5083690243797672,1.3279758440266032,0.18039318035316398
2024-04-02,-0.006450664211080981,-0.007983341986159721,0.0015326777750787404,1.4986390422970974,1.3173741587143797,0.18126488358271775
2024-04-03,0.0029229632749899377,0.010208756285514244,-0.007285793010524306,1.5030195091801979,1.330822910437529,0.1721965987426688
2024-04-04,-0.023490204442345796,-0.02047792267263116,-0.0030122817697146344,1.4677132736287208,1.3035704217866235,0.16414285184209731
2024-04-05,0.021924978105587092,0.010825974164483098,0.011099003941103995,1.49989285501831,1.31768284149447,0.18221001352384003
2024-04-08,-0.0036724670321604436,0.005276943298471188,-0.008949410330631631,1.4943845479564823,1.3246361791344046,0.16974836882207778
2024-04-09,-0.006632607445547737,0.001340043712928507,-0.007972651158476243,1.4844728818771946,1.3264112495181712,0.15806163235902337
2024-04-10,0.0065472202813230285,-0.0006213550013772858,0.0071685752827003145,1.4941920528364951,1.3255870772544,0.16860497558209508
2024-04-11,0.028274452576148853,0.020430495604240904,0.007843956971907949,1.5364395151740793,1.3526694782092847,0.18377003696479455
2024-04-12,-0.019484257446914857,-0.02137728952951318,0.0018930320825983234,1.5065031321088145,1.3237530711358694,0.1827500609729451
2024-04-15,-0.02207128973983588,-0.02665836246714185,0.00458707272730597,1.4732526649860707,1.2884639819485373,0.18478868303753337
2024-04-16,0.006801879545451775,-0.0033554644034039685,0.010157343948855743,1.4832735521533218,1.2841405869220408,0.199132965231281
2024-04-17,-0.020213606993522627,-0.012536909916801786,-0.007676697076720841,1.4532912435062084,1.2680414320632902,0.1852498114429182
2024-04-18,-0.001990797663468537,-0.008198529448402766,0.006207731784934229,1.450398034694297,1.2576453570407247,0.1927526776535724
2024-04-19,-0.05394198766898295,-0.034285623159639636,-0.019656364509343313,1.3721606817917003,1.214526202260756,0.15763447953094434
2024-04-22,0.023660999424982065,0.008173870990512247,0.015487128434469819,1.4046273748945568,1.224453582752632,0.18017379214192486
2024-04-23,0.025256564199261793,0.030244511221549423,-0.00498794702228763,1.4401034363646217,1.2614865828764603,0.17861685348816136
2024-04-24,-0.010813347484379714,0.009458326798700374,-0.02027167428308009,1.4245310974937617,1.2734181352294816,0.15111296226428017
2024-04-25,0.004616714285538363,0.0025253696385717506,0.0020913446469666124,1.4311077505617549,1.2766339867253966,0.15447376383635825
2024-04-26,0.049293065964750644,0.03753374600296201,0.011759319961788632,1.5016514393128613,1.3245508425218966,0.17710059679096468
2024-04-29,-0.0054857208559355875,0.01637777929344048,-0.021863500149376068,1.4934137986938771,1.346244043883661,0.1471697548102162
2024-04-30,-0.021273208469587277,-0.022950405487906184,0.0016771970183189072,1.461644095622904,1.3153471971908524,0.14629689843205163
2024-05-01,-0.012839880866623304,-0.008421816346352461,-0.004418064520270843,1.4428767595657024,1.3042695846644217,0.13860717490128072
2024-05-02,0.023081322692840505,0.017255034952724,0.005826287740116506,1.4761802636592385,1.3267748019355812,0.14940546172365732
2024-05-03,0.024204300979202203,0.028248484948027154,-0.004044183968824951,1.5119101750604047,1.36425417995748,0.1476559951029246
2024-05-06,0.025156595701625324,0.02801235504658715,-0.002855759344961826,1.5499446880715728,1.4024701524202396,0.14747453565133317
2024-05-07,-0.008883465547098549,-0.02083489389061516,0.011951428343516613,1.5361758078351806,1.373249835609809,0.16292597222537153
2024-05-08,4.874387646583108e-05,0.0013351991864869633,-0.0012864553100211322,1.5362506869989874,1.3750833976731587,0.1611672893258287
2024-05-09,-0.005414843296852017,-0.0028634141135330717,-0.002551429183318945,1.5279321302642066,1.3711459644649764,0.15678616579923021
2024-05-10,0.0034047865661733616,-0.005470710721072542,0.008875497287245904,1.5331344130553546,1.3636448215370225,0.1694895915183321
2024-05-13,0.002636774516552207,0.003926386165368599,-0.0012896116488163916,1.5371769428061484,1.368999017698782,0.1681779251073663
2024-05-14,0.010760622034388479,0.02248208412433397,-0.01172146208994549,1.5537179228876623,1.3997769687808168,0.1539409541068455
2024-05-15,0.02405190794647346,0.019373604687787746,0.0046783032586857135,1.5910878033437421,1.4268956944250462,0.16419210891869596
2024-05-16,-0.005303555365875255,-0.012862264607281144,0.007558709241405889,1.5826493810867397,1.408542584436361,0.17410679665037865
2024-05-17,-0.006667287121834255,-0.0030347539095863987,-0.0036325332122478567,1.5720974032498412,1.404268004321424,0.1678293989284172
2024-05-20,0.014111119962237708,0.009332249873919733,0.0047788700883179755,1.594281458299422,1.417372984227702,0.17690847407171995
2024-05-21,0.0036222868293191227,0.01774291951468412,-0.014120632685364998,1.6000564030280477,1.4425213190091417,0.15753508401890604
2024-05-22,-0.0027156452343953573,0.005408938003342019,-0.008124583237737376,1.5957112174824009,1.4503238273921613,0.1453873900902396
2024-05-23,0.029019682349109916,-0.007737360839775156,0.03675704318888507,1.6420182501346516,1.4391021486051043,0.2029161015295473
2024-05-24,0.01699186557463691,0.026648913266814084,-0.009657047692177175,1.66991920351204,1.4774526569453676,0.1924665465666724
2024-05-28,0.028872573930480094,0.008797698064965383,0.02007487586551471,1.7181340691733697,1.4904508393264537,0.22768322984691602
2024-05-29,0.00016324776976533984,-0.009547118986402644,0.009710366756167984,1.71841455072832,1.4762213278200205,0.24219322290829948
2024-05-30,-0.026752521000155995,-0.005715839426486031,-0.021036681573669964,1.6724426293729868,1.4677834837522472,0.2046591456207396
2024-05-31,-0.006455101042995723,-0.008786504716547908,0.0023314036735521855,1.6616468432117708,1.4548867972493869,0.20676004596238395
2024-06-03,0.017943333131489766,-6.388177287160926e-05,0.018007214904361375,1.691462326066408,1.454793856501451,0.2366684695649568
2024-06-04,0.0037368088887022627,-0.006151648932387579,0.009888457821089842,1.6977829975213579,1.44584447542726,0.25193852209409795
2024-06-05,0.03333395736004036,0.03040343236193066,0.002930524998109703,1.7543768235673365,1.4898031101417837,0.2645737134255528
2024-06-06,-0.008297965231846085,-0.008378389892052597,8.04246602065118e-05,1.739819065681818,1.4773209588226233,0.2624981068591947
2024-06-07,-0.0037255763979185392,-0.003569620155221673,-0.00015595624269686614,1.7333372368340652,1.4720474841522786,0.26128975268178656
2024-06-10,0.0106133786738586,0.011597511521657836,-0.0009841328477992357,1.751733801298085,1.489119571810162,0.262614229487923
2024-06-11,0.0019847270447157523,0.006793176473525133,-0.004808449428809381,1.755210514748664,1.4992354238516485,0.25597509089701553
2024-06-12,0.021592858910873838,0.02269288126460966,-0.001100022353735821,1.7931105277525141,1.5332573953128108,0.2598531324397033
2024-06-13,0.01648121567266947,0.01422647316983711,0.0022547425028323596,1.8226631690853374,1.555070240509683,0.2675929285756544
2024-06-14,0.006030145211097007,-0.007288473662627876,0.013318618873724883,1.83365409266584,1.5437361520181918,0.2899179406476482
2024-06-17,0.0028700290164235935,0.014944587269728539,-0.012074558253304946,1.8389167331178748,1.5668066516634624,0.2721100814544124
2024-06-18,0.014955594857032682,0.010431615214755517,0.004523979642277165,1.8664188267542037,1.583150975769535,0.28326785098466867
2024-06-20,-0.017407398744960244,-0.014825628855138221,-0.0025817698898220227,1.8339293300117925,1.559679766981126,0.2742495630306665
2024-06-21,-0.009432012401750765,-0.01841859303398803,0.008986580632237267,1.816631685827187,1.5309526600897552,0.28567902573743176
2024-06-24,-0.029237616524242678,-0.006190762476577383,-0.023046854047665294,1.763517705231183,1.5214748958082553,0.24204280942292766
2024-06-25,0.03508302372429751,0.018310526522467726,0.016772497201829783,1.8253872387220276,1.5493339022412211,0.27605333648080643
2024-06-26,0.0008230392842007634,0.00012774496758639363,0.0006952943166143698,1.8268896041283746,1.5495318218503435,0.2773577822780311
2024-06-27,-0.004953194465592811,0.0013575606412326708,-0.006310755106825482,1.817840664651957,1.551635405264025,0.2662052593879318
2024-06-28,-0.009987261450743495,-0.013996799065337427,0.004009537614593932,1.7996854146582846,1.529917476273881,0.2697679383844036
2024-07-01,0.00934467054900971,0.007226850707426535,0.0021178198415831755,1.816502881950124,1.540973961469595,0.2755289204805291
2024-07-02,0.0018290494548259197,0.011065840478398075,-0.009236791023572156,1.8198253555560446,1.5580261335085828,0.26179922204746187
2024-07-03,0.02469772298056533,0.02783359221666824,-0.003135869236102911,1.8647708980605768,1.601391597571573,0.26337930048900393
2024-07-05,0.0005257186097997386,0.01262687225548666,-0.012101153645686922,1.8657512428247003,1.621612164705119,0.24413907811958135
2024-07-08,0.006061893863443125,0.0037681573751636296,0.002293736488279495,1.8770612288342907,1.6277226545432075,0.2493385742910832
2024-07-09,0.006811401960114528,0.001712477436514891,0.005098924523599637,1.8898466473676274,1.6305100928620169,0.25933655450561055
2024-07-10,0.018801691965544657,0.020637180426362704,-0.0018354884608180466,1.9253789618935508,1.6641592238354157,0.26121973805813514
2024-07-11,-0.03703249149134683,-0.027893165728500244,-0.009139325762846588,1.8540773818696097,1.6177405548063621,0.23633682706324755
2024-07-12,0.003749423598012119,0.00707680777144116,-0.003327384173429041,1.8610291033577324,1.6291889937367914,0.23184010962094104
2024-07-15,-0.0020957119494585622,0.0027779897960643874,-0.00487370174552295,1.8571289224275354,1.6337148641372528,0.2234140582902826
2024-07-16,-0.009967700024504677,0.0012405192358133559,-0.011208219260318033,1.838617618421946,1.6357415188520492,0.20287609956989683
2024-07-17,-0.04479830265463559,-0.04310882387833651,-0.0016894787762990748,1.7562506698857345,1.5652266258053735,0.191024044080361
2024-07-18,0.004124627704076674,-0.0030845573784111704,0.007209185082487845,1.7634945500540486,1.56039859446786,0.20309595558618865
2024-07-19,-0.011128958895646046,-0.008542342498338868,-0.0025866163973071784,1.7438686916938013,1.547069135239989,0.1967995564538123
2024-07-22,0.028306219641750084,0.018186544302111314,0.01011967533963877,1.7932310219072574,1.5752049766064602,0.21802604530079717
2024-07-23,0.0027489157619183134,0.011086930412676516,-0.008338014650758202,1.7981604629281391,1.592669164567798,0.2054912983603412
2024-07-24,-0.05944239355201689,-0.06171998424226647,0.0022775906902495827,1.691273501021088,1.4943696488275298,0.19690385219355822
2024-07-25,-0.020656837924217356,-0.012553176927003905,-0.008103660997213451,1.6563371384249717,1.4756105622314533,0.1807265761935184
2024-07-26,0.009457143303777242,0.016215638924924853,-0.0067584956211476106,1.6720013561024252,1.4995385303024038,0.17246282580002137
2024-07-29,-0.0009362419699222794,-0.00037576802235870745,-0.000560473947563572,1.670435958259075,1.4989750516744214,0.17146090658465374
2024-07-30,-0.036154098693437144,-0.032065064974027724,-0.00408903371940942,1.6100428517631102,1.4509103192480344,0.15913253251507586
2024-07-31,0.06438425771061643,0.050416107795034575,0.013968149915581853,1.713704265656162,1.524059570304171,0.18964469535199102
2024-08-01,-0.03716666457510913,-0.03652395318310934,-0.0006427113919997909,1.6500115940335858,1.4683948899101118,0.18161670412347397
2024-08-02,-0.02839904132820146,-0.0412777649387429,0.012878723610541438,1.6031528465826144,1.407782830807151,0.19537001577546342
2024-08-05,-0.044751427660601105,-0.036620547328134974,-0.008130880332466131,1.5314094679398857,1.3562290530238417,0.17518041491604408
2024-08-06,0.01829415868393353,0.015405087028183235,0.0028890716557502943,1.5594253157564564,1.3771218796158244,0.18230343614063194
2024-08-07,-0.022339208659752707,-0.02036062823370196,-0.0019785804260507474,1.5245889882384722,1.3490828129924697,0.17550617524600254
2024-08-08,0.04150153129031912,0.04903499399510953,-0.007533462704790411,1.587861765838727,1.4152350806264609,0.1726266852122662
2024-08-09,0.006140909400336376,0.016799096452658827,-0.010658187052322451,1.597612681083001,1.4390097512490911,0.15860292983390978
2024-08-12,0.013108609278471038,-0.00015037379666487787,0.013258983075135917,1.6185551614976488,1.438793361889358,0.17976179960829075
2024-08-13,0.03712326003154287,0.034754500612455934,0.002368759419086937,1.6786412056333218,1.4887979066663393,0.1898432989669825
2024-08-14,0.005872716174214525,0.005099555738044505,0.0007731604361700195,1.6884993889923474,1.4963901145740681,0.1921092744182793
2024-08-15,0.027318910218051943,0.03346448623732731,-0.006145576019275369,1.734627352203465,1.5464660409689046,0.18816131123456037
2024-08-16,0.004873104395624524,-0.0040007705191183246,0.008873874914742848,1.7430803723782582,1.5402789852233787,0.2028013871548795
2024-08-19,0.023157185016204878,0.012346646444307522,0.010810538571897356,1.7834452070595368,1.5592962652795286,0.22414894178000822
2024-08-20,-0.0075249887057523696,-0.0076347016072989635,0.00010971290154659398,1.7700248020190856,1.5473915035767436,0.22263329844234203
2024-08-21,0.002842507625457184,0.0052529584130347985,-0.0024104507875776144,1.7750561110160734,1.5555198867937154,0.21953622422235797
2024-08-22,-0.024238545789603806,-0.021179612672059964,-0.0030589331175438425,1.7320313321900942,1.522574578087738,0.2094567541023562
2024-08-23,0.021554424023229712,0.014155393811570716,0.007399030211658997,1.769364269945639,1.5441272208480559,0.22523704909758302
2024-08-26,-0.01358562037458287,-0.015343457734816098,0.0017578373602332286,1.7453263586698065,1.5204349700977948,0.22489138857201163
2024-08-27,0.004171043983302202,0.00092880246716217,0.003242241516140032,1.752606191677035,1.5218471538491811,0.2307590378278539
2024-08-28,-0.014424292214873615,-0.014477100660307931,5.280844543431584e-05,1.7273260878306886,1.4998152194133034,0.22751086841738521
2024-08-29,-0.021234074202109314,0.005075183067990536,-0.02630925727009985,1.6906479175104525,1.5074270562199843,0.18322086129046822
2024-08-30,0.01655810658291159,0.0201894656872881,-0.0036313591043765116,1.7186418459227684,1.5378612030476273,0.18078064287514106
2024-09-03,-0.05484889111863915,-0.046781404282862135,-0.008067486835777016,1.6243762464438134,1.4659178963769275,0.1584583500668859
2024-09-04,-0.006321610637295752,0.004826709343863755,-0.011148319981159508,1.6141075722853238,1.4729934559847069,0.14111411630061688
2024-09-05,0.003907525748540896,0.004989626363989466,-0.0010821006154485696,1.6204147391849433,1.4803431429666722,0.14007159621827103
2024-09-06,-0.03526000639247618,-0.040967173941809085,0.005707167549332905,1.5632789051228195,1.4196976679351923,0.14358123718762728
2024-09-09,0.022323783807931694,0.022602575635195854,-0.0002787918272641604,1.5981772054322816,1.4517864918538088,0.14639071357847278
2024-09-10,0.012594293209822827,0.016986076317670327,-0.0043917831078475,1.618305117758751,1.4764466480014005,0.1418584697573506
2024-09-11,0.04417424591037973,0.036236470480499244,0.007937775429880486,1.6897925259886521,1.5299478633777353,0.1598446626109169
2024-09-12,0.019405557188421296,0.012419494929853982,0.006986062258567315,1.7225838914882918,1.548949043109896,0.17363484837839582
2024-09-13,0.007832523565102603,0.009678305048823242,-0.0018457814837206394,1.7360760704112401,1.5639402444541963,0.1721358259570438
2024-09-16,-0.005781240205930003,-0.007814568301580236,0.0020333280956502326,1.7260393976324258,1.5517187265943189,0.1743206710381069
2024-09-17,0.0007119149013565754,0.008389938581978503,-0.007678023680621928,1.7272681907999288,1.5647375514069513,0.16253063939297752
2024-09-18,-0.006570117487961284,-0.002296809038053302,-0.0042733084499079815,1.7159198358531549,1.5611436480566985,0.1547761877964564
2024-09-19,0.028998574667217253,0.03164589282965383,-0.002647318162436574,1.7656790653361016,1.6105474326347957,0.15513163270130592
2024-09-20,-0.0014122556756189508,0.009173786473863611,-0.010586042149482562,1.763185475054759,1.6253222508878167,0.1378632241669424
2024-09-23,0.0006375949671103745,0.011020354259048622,-0.010382759291938248,1.7643096732397363,1.6432338778777147,0.12107579536202162
2024-09-24,0.012343644636878077,0.0030622220655423396,0.009281422571335737,1.7860876848756142,1.6482658249173985,0.13782185995821572
2024-09-25,0.008909374960399431,0.004529677804248853,0.004379697156150579,1.802000609772323,1.6557319380400288,0.14626867173229408
2024-09-26,0.003494146811003018,0.012629952538166917,-0.009135805727163899,1.8082970644563843,1.6766437538334016,0.1316533106229827
2024-09-27,-0.010067097998246493,-0.005517980081478251,-0.004549117916768242,1.7900927606985604,1.6673920669960138,0.12270069370254655
2024-09-30,0.00625878445919623,0.0028183693019892242,0.003440415157207006,1.8012965654497402,1.6720913936120156,0.1292051718377245
2024-10-01,-0.018258369162591062,-0.017081108545447216,-0.0011772606171438459,1.7684078277864514,1.6435302190198207,0.12487760876663079
2024-10-02,0.005613455562851101,0.006517314333697032,-0.0009038587708459318,1.7783347065447288,1.6542416220741025,0.12409308447062628
2024-10-03,0.01426048439851847,0.005819400750344723,0.008441083648173748,1.803694620882754,1.663868317010852,0.1398263038719021
2024-10-04,0.015054340450386583,0.01925721634377966,-0.004202875893393078,1.8308480537740541,1.6959097891590904,0.13493826461496372
2024-10-07,-0.005702436829712057,-0.01508601668316906,0.009383579853457003,1.8204077584026064,1.6703252657866865,0.15008249261591988
2024-10-08,0.025037417329098303,0.016241943813204977,0.008795473515893326,1.8659860671588608,1.6974545949033704,0.16853147225549048
2024-10-09,0.0031958848929432362,0.008763714515026196,-0.00556782962208296,1.8719495438413363,1.7123306023753229,0.1596189414660134
2024-10-10,0.00395267641685252,3.758766258850248e-06,0.00394891765059367,1.8793487546568157,1.7123370386258152,0.1670117160310005
2024-10-11,0.00046628075421001856,0.0019133036594783765,-0.001447022905268358,1.8802250588115605,1.7156132593480782,0.16461179946348237
2024-10-14,0.012219304531000608,0.004803257025002301,0.007416047505998308,1.9032001013919975,1.723853790788229,0.1793463106037685
2024-10-15,-0.01989396013457936,-0.014453191312276122,-0.005440768822303238,1.8653379144467777,1.6989386021555744,0.1663993122912033
2024-10-16,0.009423743519834715,0.008321349971754403,0.0011023935480803122,1.8829163805303475,1.7130760648446341,0.16984031568571334
2024-10-17,0.002854141779653714,0.0033277751568590885,-0.00047363337720537435,1.8882904908396134,1.7187767968150338,0.1695136940245796
2024-10-18,0.004475848487852242,0.0018146691708465289,0.0026611793170057134,1.8967421929776636,1.7218958080797804,0.17484638489788318
2024-10-21,0.014136106071932312,0.00018211561082058194,0.01395399046111173,1.9235547418087053,1.7222093921866382,0.20134534962206718
2024-10-22,0.004640780808443497,0.001138406948540462,0.0035023738599030347,1.9324815377384816,1.724169967325545,0.20831157041293658
2024-10-23,-0.019981567170538166,-0.023838021914228773,0.003856454743690608,1.8938675280863353,1.6830691658605836,0.21079836222575166
2024-10-24,0.00999634403705903,0.027794675100332615,-0.017798331063273585,1.9127992794577007,1.7298495264970664,0.18294975296063432
2024-10-25,0.010976716404028402,0.01363011683883614,-0.0026534004348077386,1.9337955346861377,1.7534275776568269,0.18036795702931085
2024-10-28,-0.0008781838076225132,0.0032711813813594945,-0.0041493651889820075,1.9320973067603238,1.7591633573024201,0.17293394945790364
2024-10-29,0.012817051992177891,0.012017270628280884,0.0007997813638970074,1.9568610983950179,1.7803036994464785,0.1765573989485394
2024-10-30,-0.0027610196811158226,-0.007649149879530035,0.004888130198414212,1.9514581663891393,1.7666858896183306,0.18477227677080865
2024-10-31,-0.03756023759571958,-0.034074206288303974,-0.0034860313074156074,1.878160934001456,1.70648747016884,0.17167346383261606
2024-11-01,0.008242360927712135,0.007023299170396808,0.0012190617573153272,1.8936414142998252,1.7184726422023695,0.17516877209745574
2024-11-04,-0.003141558761358259,0.0004822613768761167,-0.0036238201382343756,1.8876924285238608,1.7193013951849219,0.1683910333389389
2024-11-05,0.03965865875378862,0.046535238503990724,-0.0068765797502021025,1.962555778378799,1.7993094956700963,0.16324628270870267
2024-11-06,0.041398452832813314,0.04311132436924651,-0.0017128715364331942,2.043802551201779,1.876880110978595,0.1669224402231837
2024-11-07,0.018424921336093802,0.01467059437937971,0.003754326956714092,2.0814594524341796,1.9044150577854873,0.17704439464869237
2024-11-08,0.004858698216469425,0.026667434166818972,-0.02180873595034955,2.0915726357633746,1.9552009209652803,0.1363717147980943
2024-11-11,-0.00048201196094198914,0.006824070549789729,-0.007306082510731718,2.0905644727357577,1.9685433499889613,0.12202112274679644
2024-11-12,0.0025259413037796302,-0.013475909612644315,0.016001850916423945,2.0958451158856555,1.942015437735938,0.15382967814971749
2024-11-13,-0.004707299480303607,8.757326965858924e-05,-0.004794872749962196,2.08597934526085,1.942185506377548,0.14379383888330222
2024-11-14,-0.009056204999836262,-0.015106527296839522,0.006050322297003259,2.0670882886847437,1.9128458280099294,0.15424246067481429
2024-11-15,-0.0011095895306464532,0.03913466164683732,-0.04024425117748377,2.064794669160697,1.9877044022716623,0.07709026688903475
2024-11-18,-0.002598840431361011,0.00792414230680177,-0.010522982738162781,2.0594285972920234,2.0034552548191193,0.055973342472904086
2024-11-19,0.031332986568634286,0.029171064902437996,0.0021619216661962898,2.123956645870036,2.061898178086578,0.062058467783457694
2024-11-20,-0.007241114060752136,-0.001968252608643289,-0.005272861452108847,2.1085768335371986,2.057839841618802,0.050736991918396424
2024-11-21,-0.009469317506566101,-0.004602918852678188,-0.0048663986538879135,2.088610050013445,2.048367771816023,0.0402422781974221
2024-11-22,-0.005478770761127483,0.01035025549679037,-0.015829026257917853,2.0771670343400346,2.06956890160571,0.007598132734324636
2024-11-25,-0.013492080962011441,-0.007387658118004741,-0.0061044228440067004,2.0491417285410973,2.054279634108992,-0.00513790556789484
2024-11-26,0.010676020552246198,0.009196078946628319,0.001479941605617879,2.0710184077494675,2.0731709518027093,-0.002152544053241723
2024-11-27,-0.008851180350789396,-0.009638280686996587,0.0007871003362071912,2.052687450312672,2.0531891482571067,-0.0005016979444345537
2024-11-29,0.010665054819570516,0.009694401123290017,0.0009706536962804987,2.0745794744977015,2.073093587442297,0.0014858870554044223
2024-12-02,0.008979590589709582,0.010400997392003107,-0.001421406802293525,2.093208348824506,2.094655828438663,-0.0014474796141570323
2024-12-03,0.009264820100413702,0.008580701427088248,0.0006841186733254536,2.112601547609049,2.1126294446950054,-2.7897085956407608e-05
2024-12-04,0.019958776155485913,0.015677089922319396,0.004281686233166517,2.1547664890035114,2.1457493264720284,0.009017162531482992
2024-12-05,0.004485623670012448,0.005508293982625628,-0.00102267031261318,2.164431960569935,2.1575687445752574,0.006863215994677763
2024-12-06,0.01014299404805773,0.0195216928048064,-0.009378698756748668,2.186385781063422,2.1996881388121072,-0.013302357748685267
2024-12-09,-0.015551059981369833,-0.012622872284800532,-0.002928187696569301,2.1523851646396905,2.1719217563694913,-0.019536591729800712
2024-12-10,-0.006563093750082032,-0.01713818880501237,0.01057509505493034,2.1382588590178746,2.1346989512391166,0.0035599077787580313
2024-12-11,0.03656157965248028,0.03211172473636156,0.004449854916118719,2.2164369806094784,2.2032478163563067,0.013189164253171626
2024-12-12,-0.009816090592515104,-0.006617128748053416,-0.0031989618444616882,2.194680234415215,2.1886686418916095,0.006011592523605724
2024-12-13,0.011035704212029186,0.02713706324068838,-0.016101359028659192,2.2189000763222086,2.2480626812395337,-0.02916260491732503
2024-12-16,0.015368144019431826,0.02598880081314772,-0.010620656793715893,2.2530004522598563,2.3064871344777385,-0.05348668221788211
2024-12-17,-0.011873555470143236,-0.012131636226211922,0.0002580807560686859,2.226249326415691,2.2785056716018164,-0.05225634518612532
2024-12-18,-0.03445251466028503,-0.04335336760072001,0.00890085294043498,2.149549438859905,2.1797247776405375,-0.03017533878063272
2024-12-19,0.006623391302224911,-0.00692948024148836,0.01355287154371327,2.1637867459169517,2.164620417861995,-0.0008336719450432462
2024-12-20,0.02436922898528773,0.02117565565562979,0.003193573329657938,2.2165165606035324,2.210457674455786,0.006058886147746634
2024-12-23,0.018313690259639345,0.011165381013762264,0.007148309245877081,2.2571091583497864,2.235138276605879,0.021970881743907267
2024-12-24,0.012018311853784039,0.015783913952498767,-0.003765602098714729,2.284235800102866,2.2704175068357624,0.013818293267103599
2024-12-26,-0.001941873840505008,-0.0016932801384476742,-0.0002485937020573338,2.2798001023571013,2.2665730539654536,0.013227048391647678
2024-12-27,-0.022643934827190775,-0.02450279004171724,0.0018588552145264656,2.2281764574203042,2.211035690309924,0.01714076711038004
2024-12-30,-0.008658978790740688,-0.014877338205898786,0.0062183594151580986,2.208882724733474,2.178141364559871,0.030741360173603294
2024-12-31,-0.01614435936537101,-0.014453500741867532,-0.0016908586235034797,2.173221728229417,2.1466595967313125,0.026562131498104602
2025-01-02,0.009842415155675221,0.009251760880021895,0.000590654275653326,2.194611478703985,2.166519978011075,0.02809150069291011
2025-01-03,0.03446886612690536,0.0320830355823789,0.002385830544526464,2.270257247964002,2.236028515555539,0.03422873240846336
2025-01-06,0.02102280166088178,0.028620473261747985,-0.007597671600866204,2.3179844158071288,2.3000247098975017,0.017959705909627033
2025-01-07,-0.0355351097557502,-0.02397216179764871,-0.011562947958101491,2.2356145851793037,2.244888145413249,-0.009273560233945322
2025-01-08,-0.005437031985787068,-0.007756307991817283,0.0023192760060302157,2.223459477171792,2.2274761015502444,-0.004016624378452516
2025-01-10,-0.017331003629842464,-0.011851290814822227,-0.0054797128150202365,2.18492469290212,2.201077634487706,-0.01615294158558589
2025-01-13,-0.011630102181148528,-0.012863538845728568,0.0012334366645800395,2.159513795465554,2.1727639868340094,-0.01325019136845551
2025-01-14,-0.003346553146667506,0.0012341213408792419,-0.004580674487546748,2.152286867778067,2.175445441238855,-0.0231585734607882
2025-01-15,0.030916226423262725,0.031930201691060194,-0.0010139752677974685,2.2188274559101084,2.244907852945509,-0.026080397035400438
2025-01-16,-0.005984264683819543,-0.004703360943219454,-0.001280903740600089,2.2055494051262166,2.2343492410288386,-0.02879983590262203
2025-01-17,0.02491444835776197,0.022381873524483106,0.0025325748332788653,2.260499451880726,2.284358163151071,-0.023858711270345
2025-01-21,0.019689835754393953,0.019394869421692662,0.0002949663327012908,2.3050083148111553,2.3286629914377635,-0.02365467662660814
2025-01-22,0.023681679138409448,0.016225025733235563,0.007456653405173885,2.3595947821338785,2.3664456083978744,-0.006850826263995913
2025-01-23,0.009474446441256557,0.01089696549409592,-0.0014225190528393637,2.3819506365202745,2.392232684536241,-0.010282048015966438
2025-01-24,-0.005344876259341697,-0.0026956698616496136,-0.002649206397692083,2.3692194051122137,2.3857840149864833,-0.016564609874269554
2025-01-27,-0.11329299017775776,-0.10004916358009752,-0.013243826597660241,2.1008034543198826,2.1470883198043187,-0.04628486548443611
2025-01-28,0.039404625841169674,0.022418700944627237,0.016985924896542437,2.1835848284031947,2.195223250747714,-0.011638422344519395
2025-01-29,-0.007660717499973539,0.004287628980946401,-0.011948346480919941,2.1668570018955697,2.2046355535772673,-0.037778551681697525
2025-01-30,0.01596447633183001,0.02119477304061168,-0.005230296708781671,2.201449739216792,2.2513623037726007,-0.049912564555808725
2025-01-31,-0.002297391926923217,0.0019045794111702903,-0.004201971338093508,2.196392146358388,2.255650202063451,-0.05925805570506304
2025-02-03,-0.015035036109919,-0.01616550205569444,0.0011304659457754412,2.1633693111263472,2.219186484085067,-0.055817172958719574
2025-02-04,0.03765266222172698,0.02634703484757727,0.01130562737414971,2.244825925059038,2.277655467714528,-0.03282954265549032
2025-02-05,0.003682570821014019,0.009556454317818272,-0.005873883496804254,2.253092655508916,2.299421778143471,-0.04632912263455502
2025-02-06,0.022194477864263356,0.015576214576557907,0.006618263287705449,2.303098870577743,2.3352380651618443,-0.032139194584101194
2025-02-07,-0.01156574434491836,-0.012702871724912903,0.0011371273799945427,2.2764618178395706,2.3055738355729596,-0.029112017733389006
2025-02-10,0.021467064880415183,0.019196058939263436,0.0022710059411517464,2.3253307713809206,2.3498317668094417,-0.024500995428521133
2025-02-11,-0.014940249497048247,-0.016220844818527376,0.0012805953214791287,2.2905897494933263,2.3117155103703797,-0.021125760877053423
2025-02-12,-0.003231088121919837,-0.007835387502183684,0.004604299380263847,2.283188652161547,2.2936023235518195,-0.010413671390272494
2025-02-13,0.019141490575630096,0.01686487461587849,0.0022766159597516072,2.326892286229283,2.3322836391572084,-0.005391352927925475
2025-02-14,0.007444964133790084,0.006267960098551137,0.001177004035238947,2.344215915843453,2.3469022999459495,-0.002686384102496664
2025-02-18,0.004430962652292577,0.008754953654951773,-0.004323991002659196,2.3546030490154646,2.3674493208146763,-0.012846271799211717
2025-02-19,-0.006050639264246465,-0.007433226033269449,0.001382586769022984,2.340356195355377,2.3498515348907505,-0.009495339535373404
2025-02-20,-0.009791584065386159,-0.014986088844570884,0.0051945047791847245,2.3174404009256078,2.3146364510173263,0.002803949908281478
2025-02-21,-0.03938761303085954,-0.04195196175283378,0.0025643487219742384,2.22616195519187,2.2175329111525324,0.008629044039337508
2025-02-24,-0.033938625984981284,-0.03363509326564332,-0.0003035327193379664,2.1506090772126183,2.1429459848662833,0.007663092346334999
2025-02-25,-0.025347378654545272,-0.02008918230447204,-0.005258196350073234,2.0960967745946077,2.0998959523076683,-0.0037991777130605975
2025-02-26,0.019972086087900437,0.023140764970968834,-0.0031686788830683973,2.1379601998253817,2.1484891510035085,-0.0105289511781268
2025-02-27,-0.04723931302010113,-0.03898168067477773,-0.008257632345323396,2.0369644287213124,2.0647374329858654,-0.02777300426455298
2025-02-28,0.02247651503686217,0.02164381460402843,0.0008327004328337398,2.0827482903330203,2.1094262271914093,-0.02667793685838893
2025-03-03,-0.043175133474492,-0.040121105618471604,-0.0030540278560203943,1.9928253549041222,2.0247937147358885,-0.03196835983176638
2025-03-04,0.00635390481358623,-0.003866275029786357,0.010220179843372586,2.0054875775192844,2.0169653053561367,-0.011477727836852303
2025-03-05,0.027546345879798463,0.026522752667959226,0.0010235932118392368,2.0607314319872696,2.0704607772899526,-0.00972934530268299
2025-03-06,-0.04759031483810661,-0.0497453713226841,0.0021550564845774917,1.9626605743422132,1.9674649371146107,-0.004804362772397486
2025-03-07,0.021277635502488772,0.019856027649294464,0.0014216078531943087,2.004421350658172,2.006530975304976,-0.002109624646803976
2025-03-10,-0.049229983551952614,-0.06045648461823339,0.01122650106628078,1.9057437205340877,1.885223166260442,0.02052055427364574
2025-03-11,0.019453563215043795,0.025872932752855918,-0.006419369537812122,1.9428172264731705,1.9339994184652245,0.00881780800794596
2025-03-12,0.03307971732782611,0.0316205763908169,0.001459140937009211,2.0070850711445343,1.9951535948165995,0.011931476327934787
2025-03-13,-0.01904333421824198,-0.02248003819577419,0.0034367039775322107,1.9688634793302848,1.9503024657986863,0.018561013531598558
2025-03-14,0.03765464116460191,0.03766193829846572,-7.297133863812255e-06,2.043000327146556,2.023754636928942,0.019245690217614353
2025-03-17,-0.005136527321546784,0.0008173612323900425,-0.005953888553936826,2.0325064001482387,2.025408775513037,0.007097624635201694
2025-03-18,-0.02674953060084733,-0.02835128298345254,0.0016017523826052094,1.9781378080010554,1.9679858381612987,0.010151969839756747
2025-03-19,0.02069717484371414,0.02451008650117366,-0.0038129116574595195,2.019079672078215,2.0162213412877166,0.0028583307904983535
2025-03-20,0.004478356599398023,0.003449835705521145,0.0010285208938768777,2.0281218308523767,2.0231769736611245,0.004944857191252261
2025-03-21,0.002036412860194778,0.00022294608692959765,0.0018134667732651803,2.0322519242307666,2.0236280330505685,0.008623891180198129
2025-03-24,0.021631381346155026,0.03044641528066237,-0.008815033934507343,2.07621234059526,2.0852402525184157,-0.009027911923155774
2025-03-25,0.0016629834950958257,0.0001662861632329811,0.0014966973318628447,2.0796650474499843,2.085586999119426,-0.005921951669441761
2025-03-26,-0.039133979632879914,-0.04063265689348426,0.0014986772606043475,1.9982794778398643,2.000844058162695,-0.0025645803228306896
2025-03-27,-0.017465686951033725,-0.017945110221229237,0.00047942327019551145,1.963378154039238,1.9649386910034738,-0.001560536964235748
2025-03-28,-0.035281668131738636,-0.03373736271498096,-0.0015443054167576728,1.8941068975913202,1.8986468416723898,-0.0045399440810696134
2025-03-31,-0.010346528062935992,-0.009643388838980766,-0.0007031392239552261,1.874509467421191,1.8803374519102403,-0.005827984489049198
2025-04-01,0.019509306492991804,0.023474865282185366,-0.003965558789193562,1.911079847145126,1.924478120278881,-0.013398273133754968
2025-04-02,0.008237208062448287,0.014958755247119683,-0.006721547184671396,1.9268218094700122,1.9532659174585698,-0.026444107988557564
2025-04-03,-0.0650646972388553,-0.08369398714943628,0.01862928991058098,1.8014537318036226,1.7897893048633604,0.011664426940262151
2025-04-04,-0.0683779772775172,-0.0812036427042157,0.01282566542669851,1.678273969463856,1.6444518936354093,0.03382207582844665
2025-04-07,0.02732313731366914,0.027030506009461663,0.0002926313042074767,1.7241296795814733,1.6889022604285922,0.03522741915288119
2025-04-08,-0.011837102923028787,-0.017948655798314814,0.006111552875286027,1.7037209791116188,1.6585887350791635,0.045132244032455304
2025-04-09,0.13961836780179931,0.1495729251488422,-0.009954557347042897,1.9415917214048664,1.906668703803872,0.034923017600994255
2025-04-10,-0.04798128507776399,-0.05688019787044392,0.00889891279267993,1.848431655515513,1.798217010658125,0.05021464485738791
2025-04-11,0.02578695330896718,0.022581597440773014,0.003205355868194166,1.8960970763111085,1.838823623303957,0.057273453007151476
2025-04-14,0.005902565508559266,0.006675157895303221,-0.0007725923867439545,1.9072889135146223,1.8510980613311245,0.05619085218349773
2025-04-15,0.008118154979109412,0.006727090166155905,0.0013910648129535075,1.922772580504471,1.8635505648960953,0.05922201560837581
2025-04-16,-0.04079384249435929,-0.03284791587584987,-0.007945926618509423,1.844335298702899,1.8023368127099957,0.041998485992903234
2025-04-17,-0.01632385381595684,-0.008184031959148724,-0.008139821856808116,1.8142286388992637,1.7875864306336269,0.02664220826563679
2025-04-21,-0.0324382641740426,-0.03602738610357849,0.0035891219295358864,1.7553782110385356,1.7231843641036715,0.032193846934864156
2025-04-22,0.026815800892009592,0.03517406575312343,-0.008358264861113837,1.8024500836359172,1.7837957642314082,0.018654319404509012
2025-04-23,0.037056826282257954,0.041507370295797624,-0.00445054401353967,1.8692431632676547,1.8578364355494363,0.011406727718218379
2025-04-24,0.041584308949044545,0.04616547250551621,-0.0045811635564716666,1.9469743484698663,1.9436043324345402,0.003370016035326051
2025-04-25,0.029440268730661995,0.03275822524004246,-0.0033179565093804653,2.0042937965005247,2.0072733609339535,-0.0029795644334287275
2025-04-28,-0.004300990502784484,-0.0017394105187484683,-0.0025615799840360163,1.9956733479169861,2.0037818885359413,-0.008108540618955162
2025-04-29,0.0006354288603052053,0.0008787820136146702,-0.00024335315330946492,1.9969414563579946,2.0055427760187934,-0.0086013196607988
2025-04-30,-0.0026430165034830003,-0.005631712285985315,0.0029886957825023147,1.991663507132351,1.9942481361270192,-0.00258462899466827
2025-05-01,0.01647791242333754,0.01829529766757559,-0.0018173852442380511,2.0244819639796354,2.030733499400471,-0.006251535420835452
2025-05-02,0.02421961165084334,0.02117948121198128,0.00304013043886206,2.0735141309413585,2.073743381397564,-0.00022925045620558748
2025-05-05,-0.004532898040028547,-0.00715217792196467,0.0026192798819361235,2.0641151028012428,2.058911599769312,0.005203503031930623
2025-05-06,-0.019317424783226334,-0.015133658165069362,-0.004183766618156972,2.024241714558958,2.0277527354263074,-0.003511020867349224
2025-05-07,0.0021619505093169126,0.0075756603274104075,-0.005413709818093495,2.028618024964729,2.0431143013778743,-0.014496276413145104
2025-05-08,0.021537953412254424,0.017505159802708177,0.004032793609546247,2.072310305477679,2.0788793437186928,-0.006569038241013736
2025-05-09,-0.0017529542685772413,0.0035598846180337615,-0.005312838886611003,2.068677640281875,2.0862799143171453,-0.01760227403527015
2025-05-12,0.0453133261593444,0.05741742721954828,-0.012104101060203883,2.1624163049145104,2.2060687394570553,-0.04365243454254486
2025-05-13,0.03382795056410492,0.03384748605515438,-1.953549104945912e-05,2.2355664167761726,2.28073862035254,-0.04517220357636731
2025-05-14,0.023036210886439853,0.016571427776506834,0.006464783109933019,2.2870653962036713,2.3185337156768018,-0.031468319473130446
2025-05-15,-0.008025681655902535,-0.012328087434960099,0.004302405779057564,2.26871013740751,2.2899506293090353,-0.021240491901525438
2025-05-16,0.00580041457048059,0.006203818310380211,-0.00040340373989962083,2.2818695967447256,2.3041570669530094,-0.02228747020828381
2025-05-19,-0.002018369051330794,-0.0018535546069419974,-0.0001648144443887967,2.2772639417714835,2.299886186006441,-0.02262224423495729
2025-05-20,-0.006439937483691656,-0.0038970668958734954,-0.0025428705878181605,2.26259850435261,2.290923375686678,-0.028324871334068025
2025-05-21,-0.01307733624894917,-0.01601541728941874,0.002938081040469569,2.2330097429148217,2.254233281846972,-0.021223538932150454
2025-05-22,0.008770737599762338,0.006774235021432971,0.001996502578329367,2.2525948854276403,2.2695039878913397,-0.016909102463699366
2025-05-23,-0.0020256025037576108,-0.0030308801774491844,0.0010052776736915736,2.2480320235877667,2.2626253932417977,-0.014593369654031019
2025-05-27,0.022626950458241944,0.028685421692951348,-0.006058471234709404,2.2988981328140285,2.3275297567801183,-0.02863162396608976
2025-05-28,-0.001114376339149353,-0.0002654516797977201,-0.0008489246593516328,2.296336295128706,2.3269119100964017,-0.030575614967695675
2025-05-29,0.001573295993949387,-0.0031197291269536684,0.004693025120903055,2.2999491118225928,2.3196525752346187,-0.01970346341202589
2025-05-30,0.003097935628322259,-0.000586133049442456,0.0036840686777647146,2.3070742061194363,2.3182929501970495,-0.011218744077613252
2025-06-02,0.0073561288724701655,0.010628250562856878,-0.0032721216903867124,2.3240453412980027,2.3429323485498483,-0.018887007251845667
2025-06-03,0.015412639759323794,0.019915044083652498,-0.004502404324328704,2.359865014927763,2.389591949556234,-0.029726934628470758
2025-06-04,0.0017803372765583913,0.0006830317413638085,0.001097305535194583,2.364066370581485,2.391224116706688,-0.027157746125203275
2025-06-05,-0.01186346560652087,-0.0165820662983307,0.00471860069180983,2.336020350502559,2.3515726798692906,-0.015552329366731676
2025-06-06,0.019063593784429067,0.02161384046740311,-0.0025502466829740444,2.3805532935366993,2.402399196619489,-0.021845903082789775
2025-06-09,0.009075911380008064,0.0046525336037209165,0.0044233777762871474,2.402158984264225,2.413576439611313,-0.011417455347088268
2025-06-10,0.004950086868531178,0.006192375620241646,-0.0012422887517104684,2.4140498799083554,2.4285222115135516,-0.014472331605196231
2025-06-11,0.00586668901398614,0.008938370994210968,-0.003071681980224828,2.4282123598180285,2.450229244007742,-0.02201688418971326
2025-06-12,0.004865192392335372,0.0026512630654894533,0.0022139293268459183,2.4400260801179896,2.4567254463043615,-0.01669936618637191
2025-06-13,-0.010328141497710473,-0.010032243850954248,-0.0002958976467562248,2.414825145504427,2.432078977552192,-0.01725383204776465
2025-06-16,0.018469052739016584,0.023254153938574218,-0.004785101199557634,2.4594246784722515,2.488634916486961,-0.029210238014709233
2025-06-17,-0.009200153260188363,-0.013193000036829447,0.003992846776641084,2.436797594498417,2.4558023559420934,-0.019004761443676355
2025-06-18,0.0032856415340834035,0.005656358235647021,-0.0023707167015636177,2.4448040378850555,2.4696932538232477,-0.024889215938192155
2025-06-20,-0.01343682808986301,-0.005541501140853859,-0.007895326949009152,2.411953626314591,2.456007445839627,-0.044053819525036175
2025-06-23,0.008069054708277764,0.014080212500912652,-0.006011157792634888,2.4314158120791522,2.490588552580873,-0.05917274050172061
2025-06-24,0.020685063309066696,0.019555238422247198,0.0011298248868194978,2.4817098020826753,2.5392926055383116,-0.05758280345563627
2025-06-25,0.013201245270492167,-0.004121169220046649,0.017322414490538816,2.514471461870153,2.528827751011675,-0.01435628914152165
2025-06-26,0.012007148228197869,0.01174858115287284,0.0002585670753250287,2.5446630934284014,2.558537889066072,-0.0138747956376708
2025-06-27,-0.0007827915662345912,0.001171199939652201,-0.001953991505886792,2.542671152619957,2.561534448487344,-0.01886329586738711
2025-06-30,0.008907588944822182,0.010966740233177537,-0.0020591512883553556,2.565320222069353,2.58962613138224,-0.02430590931288723
2025-07-01,-0.024107088424989407,-0.02832286527011233,0.004215776845122924,2.5034778206375137,2.516280499363139,-0.012802678725625238
2025-07-02,0.013880449949449517,0.013160752234401642,0.0007196977150478751,2.53822721922643,2.5493966435675137,-0.011169424341083811
2025-07-03,0.014860104792999877,0.01763489412408172,-0.0027747893310818422,2.5759455416925796,2.5943549834571162,-0.018409441764536627
2025-07-07,1.1913847376770829e-05,-0.006021594021902354,0.006033507869279125,2.5759762311146144,2.5787328309980384,-0.002756599883424027
2025-07-08,0.0013735914633264232,0.0015863862456479373,-0.00021279478232151408,2.579514570075405,2.5828236972923344,-0.0033091272169292196
2025-07-09,0.01853981274518084,0.024346746578036302,-0.005806933832855462,2.627338287178069,2.6457070513060574,-0.0183687641279886
2025-07-10,0.00025204366550968835,-0.008091731171230769,0.008343774836740456,2.6280004911505035,2.6242987010890593,0.003701790061444221
2025-07-11,0.004388490480978011,0.0028194807087247053,0.0015690097722533057,2.6395334462899234,2.631697860650711,0.007835585639212272
2025-07-14,0.0060782702042877215,0.005992587040775552,8.568316351216954e-05,2.655577243789728,2.647468539145683,0.008108704644044895
2025-07-15,0.017003263555924627,0.004030586180888815,0.012972677375035812,2.7007307235590003,2.658139389253902,0.04259133430509854
2025-07-16,0.001982621734859233,-0.002166348350706265,0.0041489700855654975,2.7060852509915305,2.652380933372044,0.053704317619486464
2025-07-17,0.010059670918489524,0.005974220255877631,0.0040854506626118925,2.7333075780938834,2.6682268412704992,0.06508073682338411
2025-07-18,-0.00047522102379232673,0.0053270039110816176,-0.005802224934873945,2.7320086528682825,2.6824404960896,0.04956815677868276
2025-07-21,0.0015380436360416716,0.0018518703411371817,-0.0003138267050955101,2.7362106013904377,2.6874080280861734,0.048802573304264296
2025-07-22,-0.017052576550846636,-0.009926215795049273,-0.007126360755797362,2.689551160650989,2.660732236070042,0.028818924580947147
2025-07-23,0.020600294089499024,0.024399590075093205,-0.0037992959855941803,2.7449567055291526,2.7256530119297375,0.019303693599415084
2025-07-24,0.014918054522002323,0.018132678786974273,-0.00321462426497195,2.7859061193227723,2.7750764024798085,0.010829716842963855
2025-07-25,0.006465538118089105,0.01441310518301313,-0.007947567064924024,2.8039185015306716,2.815073870559648,-0.011155369028976292
2025-07-28,0.006956542303767582,0.009218768411240159,-0.002262226107472577,2.8234240792028866,2.8410253846328706,-0.01760130542998395
2025-07-29,-0.001974862590181427,-0.005035778932346225,0.0030609163421647977,2.8178482046126514,2.8267186088546756,-0.008870404242024232
2025-07-30,0.014610142438532928,0.014212533761554966,0.0003976086769779622,2.8590173682522066,2.866893442517439,-0.00787607426523218
2025-07-31,-0.0015770224739499838,0.0022143005773118674,-0.003791323051261851,2.8545086336090595,2.873241606322297,-0.018732972713237483
2025-08-01,-0.022774908446860944,-0.026529630007062398,0.0037547215602014537,2.789497460817839,2.797015569585669,-0.00751810876782999
2025-08-04,0.02676943220777603,0.016930126075336727,0.009839306132439302,2.8641707239889653,2.844369395813434,0.019801328175531374
2025-08-05,0.0034761381147121366,0.0037985584023542043,-0.00032242028764206763,2.874126977009666,2.8551738990813,0.018953077928366202
2025-08-06,0.01328294056374225,0.021038538760939623,-0.007755598197197372,2.9123038348179335,2.9152425858263444,-0.0029387510084109003
2025-08-07,0.0007721195670211335,-0.00015076799491286187,0.0009228875619339954,2.9145524815939075,2.914803060546995,-0.0002505789530875546
2025-08-08,0.012412342472826812,0.016364604182185643,-0.003952261709358831,2.9507289051504784,2.9625026589018697,-0.011773753751391336
2025-08-11,-0.0023128989768037137,0.003268789210744617,-0.005581688187548331,2.9439041672849307,2.9721864556300903,-0.028282288345159667
2025-08-12,0.017443344140127826,0.023048390539468756,-0.005605046399340931,2.9952557007904383,3.040690569815572,-0.04543486902513383
2025-08-13,-0.008043052271698858,-0.0063261252093055245,-0.0017169270623933336,2.9711647026218766,3.021454780548164,-0.05029007792628759
2025-08-14,0.0019349345118805266,-6.963245512366848e-05,0.002004566967004195,2.9769137117454605,3.0212443892337495,-0.044330677488289005
2025-08-15,-0.0077786708093260425,-0.007224836571691074,-0.0005538342376349686,2.9537572799540235,2.999416392278397,-0.045659112324373474
2025-08-18,0.00196663035103473,0.0034701952561730495,-0.0015035649051383195,2.9595662286703712,3.0098249528141694,-0.05025872414379817
2025-08-19,-0.03570796445208162,-0.031656351621022566,-0.004051612831059051,2.8538861429834284,2.9145448757901566,-0.06065873280672829
2025-08-20,-0.005773662683064924,-0.009229857689823148,0.0034561950067582238,2.837408767057969,2.8876440413560105,-0.05023527429804142
2025-08-21,-0.0013596243395706217,-0.004030725847549974,0.0026711015079793525,2.833550957036966,2.8760047398799933,-0.042453782843027366
2025-08-22,0.01970319131548028,0.023818117602197167,-0.004114926286716888,2.889380953645628,2.9445057589989316,-0.055124805353303774
2025-08-25,0.0027766090149635003,0.0006417927008070321,0.002134816314156468,2.897403634849184,2.9463955213025415,-0.04899188645335739
2025-08-26,0.00879934895264992,0.010772552228003782,-0.0019732032753538627,2.922898900488898,2.9781357209401293,-0.05523682045123124
2025-08-27,0.00020686373627859978,0.0013881942934065561,-0.0011813305571279564,2.923503542276218,2.982269951952929,-0.058766409676711095
2025-08-28,0.010813246593796781,0.01840223507524593,-0.007588988481449149,2.9551161069966887,3.0371503846666092,-0.08203427766992055
2025-08-29,-0.020347357364671543,-0.021838834225718664,0.001491476861047121,2.8949873035135303,2.9708225608972976,-0.07583525738376728
2025-09-02,-0.013074603018530046,-0.014306840227352248,0.0012322372088222015,2.857136493776406,2.9283194771747265,-0.07118298339832041
2025-09-03,0.011581759573840188,0.013881877694483671,-0.0023001181206434834,2.890227161716969,2.9689700500072402,-0.0787428882902712
2025-09-04,0.013321576175335513,0.019062836904888296,-0.0057412607295527825,2.928729543015806,3.025567041846026,-0.09683749883022008
2025-09-05,-0.003671149542906829,0.008928610678885004,-0.012599760221791833,2.9179777388926658,3.052581152045535,-0.13460341315286906
2025-09-08,0.006258474369451995,0.000618058019701589,0.005640416349750406,2.936239827782157,3.054467824307346,-0.11822799652518912
2025-09-09,0.013746756666718157,0.012746202042535558,0.0010005546241825987,2.976603602209805,3.0934006883283915,-0.11679708611858652
2025-09-10,0.03704187565564439,0.03195941795948914,0.00508245769615525,3.0868625827190037,3.19226397384285,-0.10540139112384628
2025-09-11,0.0027647208269435735,0.01215677420986033,-0.009392053382916755,3.0953968959913603,3.231071606191129,-0.13567471019976862
2025-09-12,0.010805391072862967,0.013864617614757725,-0.003059226541894758,3.128843869978273,3.27586917849687,-0.14702530851859708
2025-09-15,0.009087731094696601,0.013034303896507034,-0.003946572801810433,3.1572779617059252,3.318567852894599,-0.16128989118867398
2025-09-16,-0.0033904575903321186,0.006834198588437684,-0.010224656178769803,3.146573344675871,3.341247604630486,-0.19467425995461518
2025-09-17,-0.008184650467902312,0.0007005922187012578,-0.00888524268660357,3.1208197416780807,3.3435884567030447,-0.22276871502496398
2025-09-18,0.01957226462292317,0.013267081346970607,0.0063051832759525635,3.181901251502647,3.387948116748916,-0.20604686524626903
2025-09-19,0.012547894396710606,0.012274700078925923,0.00027319431778468316,3.2218274123872632,3.4295341637649708,-0.20770675137770755
2025-09-22,0.010335407199197054,0.010635762861131761,-0.0003003556619347071,3.2551263106198207,3.4660098758549247,-0.210883565235104
2025-09-23,-0.01732896378998305,-0.020228679273211165,0.0028997154832281144,3.198718344651269,3.395897073718473,-0.19717872906720402
2025-09-24,-0.01337399809909148,-0.011664975166695077,-0.0017090229323964024,3.1559386915903738,3.3562840186848946,-0.2003453270945208
2025-09-25,-0.005768474565817391,-0.011876115972264883,0.006107641406447492,3.137733739516656,3.3164244004431334,-0.17869066092647756
2025-09-26,0.0033817964855844427,0.003922136790339344,-0.0005403403047549013,3.148344916449653,3.32943187059649,-0.18108695414683718
2025-09-29,0.009788004362931773,0.010375560022551774,-0.000587555659620001,3.179160930227876,3.3639765908108603,-0.18481566058298426
2025-09-30,0.02266601661556495,0.021409012211114756,0.0012570044044501946,3.251219844695976,3.4359960067214343,-0.1847761620254582
2025-10-01,0.012088912425422909,0.02067133526761085,-0.00858242284218794,3.2905235566743025,3.5070226321545452,-0.21649907548024272
2025-10-02,0.00416238696860315,-0.000601245291648494,0.0047636322602516434,3.3042199890464854,3.5049140513092576,-0.2006940622627722
2025-10-03,-0.00957400745484875,-0.00801158638554775,-0.0015624210693010003,3.2725853622388943,3.476834129613273,-0.20424876737437891
2025-10-06,0.003888458675927291,0.010224201402654854,-0.006335742726727564,3.285310675183405,3.5123819819980633,-0.22707130681465815
2025-10-07,-0.003956852080790445,-0.008837889225989022,0.0048810371451985775,3.2723111868022627,3.4813399391218045,-0.20902875231954177
2025-10-08,0.016211549902939555,0.01973054251126012,-0.003518992608320566,3.3253604229050553,3.550028664786795,-0.22466824188173984
2025-10-09,0.005268918742315034,0.0008689522534851044,0.00439996648882993,3.342881476762252,3.5531134701949982,-0.21023199343274612
2025-10-10,-0.04015623585776947,-0.03671793725961135,-0.0034382985981581196,3.2086439397368185,3.422650472720098,-0.21400653298327965
2025-10-13,0.04758233756812777,0.05607982412599118,-0.008497486557863414,3.361318718813303,3.614592109274982,-0.25327339046167907
2025-10-14,-0.016859884680962813,-0.009330511801979883,-0.007529372878982929,3.304647272838149,3.5808661149400485,-0.2762188421018994
2025-10-15,0.004239181558965064,0.00808470194787999,-0.0038455203889149253,3.3186562726160487,3.6098163501946017,-0.291160077578553
2025-10-16,0.003803331509172573,-0.0016405811869102565,0.00544391269608283,3.3312782225858024,3.6038941534022713,-0.27261593081646884
2025-10-17,0.0010808207189925375,-0.0005334894984075655,0.001614310217400103,3.3348787371095017,3.6019715137180586,-0.2670927766085569
2025-10-20,0.002554808715038126,0.010045877633706072,-0.007491068918667946,3.3433987143706645,3.638156478784965,-0.29475776441430046
2025-10-21,-0.01142220161098512,-0.008896609584435892,-0.002525592026549228,3.305209740189214,3.605789220986129,-0.3005794807969151
2025-10-22,-0.01262411795245008,-0.01741174980371409,0.0047876318512640095,3.2634843825714785,3.5430061212253894,-0.27952173865391083
2025-10-23,0.016946531774703052,0.024282055005030462,-0.00733552323032741,3.3187891243569734,3.6290375907441437,-0.3102484663871703
2025-10-24,0.02490278493689112,0.01930366156499326,0.005599123371897861,3.401436216171728,3.6990913042025073,-0.29765508803077934
2025-10-27,0.021266490115134155,0.018937659767375423,0.002328830347758732,3.4737728258402036,3.7691434367699514,-0.2953706109297478
2025-10-28,0.025940429240485664,0.010913839300015386,0.015026589940470278,3.5638839840264334,3.8102792625375668,-0.2463952785111334
2025-10-29,0.036020668477724865,0.03138648081621805,0.0046341876615068126,3.692257467508123,3.9298705195156356,-0.2376130520075126
2025-10-30,-0.016976182944763985,-0.026586571103471617,0.009610388158707631,3.6295770292605343,3.825388737521096,-0.1958117082605617
2025-10-31,0.002830014952371877,0.011052156212320526,-0.008222141259948648,3.6398487865241274,3.8676675314210307,-0.22781874489690335
2025-11-03,0.018906898453640967,0.01538509787950585,0.0035218005741351165,3.708667037917547,3.92717197495733,-0.2185049370397829
2025-11-04,-0.04274215467085593,-0.04114428086705088,-0.00159787380380505,3.55015061776017,3.7655913082064747,-0.21544069044630465
2025-11-05,0.008940334577367311,0.02438420058316064,-0.015443866005793328,3.5818901520829933,3.857412241979988,-0.2755220898969948
2025-11-06,-0.027566283093549075,-0.023875347035205066,-0.003690936058344009,3.483150754140678,3.7653151860448673,-0.28216443190418916
2025-11-07,-0.0035815783314291595,-0.003024424849007044,-0.0005571534824221156,3.4706755768745468,3.7539272732318496,-0.28325169635730285
2025-11-10,0.04760146392615221,0.03472432717667694,0.012877136749475264,3.6358848151465177,3.8842798720650027,-0.24839505691848496
2025-11-11,-0.021897233759141346,-0.01815481388435073,-0.0037424198747906152,3.556268995427942,3.813761493912933,-0.2574924984849911
2025-11-12,-0.0038503065520299764,-0.009949662715664553,0.006099356163634577,3.542576269614065,3.7758158533705104,-0.2332395837564456
2025-11-13,-0.047322292648728205,-0.04485856890997138,-0.0024637237387568275,3.374933438652948,3.606438157720727,-0.2315047190677788
2025-11-14,0.017857260149706584,0.018149283900964538,-0.00029202375125795405,3.4352005030549178,3.6718924277164717,-0.23669192466155398
2025-11-17,-0.00873623226935185,-0.009618184707178661,0.0008819524378268113,3.405189793568436,3.636575488121804,-0.2313856945533681
2025-11-18,-0.02240632966734865,-0.02167365332298363,-0.0007326763443650207,3.3288919884738504,3.557757611709392,-0.22886562323554172
2025-11-19,0.019271571729368397,0.016012383925642013,0.0032591878037263843,3.393044969209044,3.6147257925024583,-0.22168082329341443
2025-11-20,-0.04141936592406702,-0.04422707419954344,0.0028077082754764254,3.2525071980325597,3.4548570466664486,-0.20234984863388883
2025-11-21,-0.004145811749519442,0.0009740798843490379,-0.00511989163386848,3.2390229154755596,3.4582223534189076,-0.21919943794334795
2025-11-24,0.04439516033449265,0.04852755502863579,-0.004132394694143136,3.3828198571351935,3.626041428975702,-0.2432215718405084
2025-11-25,-0.004374141016397273,0.004833499286013458,-0.009207640302410731,3.368022926047015,3.6435678976337114,-0.27554497158669644
2025-11-26,0.017897691248141605,0.017107461636974367,0.0007902296111672383,3.4283027604940672,3.7059000956641914,-0.2775973351701242
2025-11-28,0.0065919005188476,0.019090492419637013,-0.012498591900789413,3.4509017912397346,3.776647553348401,-0.32574576210866635
2025-12-01,-0.009790167972316766,-0.013059065857058481,0.0032688978847417154,3.4171168830475285,3.7273280642303255,-0.310211181182797
2025-12-02,0.009189713336068104,0.011998827949966043,-0.002809114613897939,3.448519207638574,3.7720516323861055,-0.3235324247475315
2025-12-03,-0.0024355642575873766,-0.0028826983478050794,0.00044713409021770274,3.4401201175148457,3.7611779453775904,-0.3210578278627447
2025-12-04,0.017559411032330413,0.018770501721753215,-0.0012110906894228016,3.500526600658878,3.8317771424771205,-0.33125054181824254
2025-12-05,0.009468458153754375,0.01274325297751457,-0.0032747948237601947,3.53367119029332,3.880606447957165,-0.3469352576638447
2025-12-08,0.0030625139297880896,-0.0058099558321407655,0.008872469761928854,3.544493107536885,3.858060295892613,-0.3135671883557283
2025-12-09,0.002620708798978477,-0.0005999749632414811,0.003220683762219958,3.553782191811725,3.8557455563084013,-0.30196336449667616
2025-12-10,0.0018334103650630698,0.015239074538623037,-0.013405664173559966,3.5602977329173693,3.9145035502429497,-0.35420581732558043
2025-12-11,-0.006149510424606533,-0.003850760871052038,-0.0022987495535544944,3.5384036448940908,3.8994297331420795,-0.36102608824798876
2025-12-12,-0.04094310634580177,-0.04078883871954293,-0.00015426762625883605,3.393530408166819,3.7403765226587566,-0.3468461144919375
2025-12-15,-0.008749240293395254,-0.008143847189479981,-0.0006053931039152732,3.363839595182824,3.709915467827105,-0.3460758726442812
2025-12-16,0.00399038403109742,0.0030714843162467,0.0009188997148507202,3.377262606986615,3.7213104150011374,-0.34404780801452217
2025-12-17,-0.04176063233283283,-0.043762658915575736,0.0020020265827429065,3.2362259849648227,3.558455976590463,-0.32222999162564037
2025-12-18,0.028371223788565478,0.031779343402874256,-0.0034081196143087786,3.3280416766146304,3.671541371054542,-0.3434996944399118
2025-12-19,0.035028020024993965,0.028380482025232776,0.006647537999761189,3.444616387107102,3.775741484940654,-0.33112509783355204
2025-12-22,0.012639919662067765,0.012980118786082117,-0.00034019912401435197,3.4881560615067775,3.8247510579207216,-0.3365949964139441
2025-12-23,0.013897483936644648,0.006311777288487146,0.007585706648157502,3.5366326543400772,3.8488920347822226,-0.3122593804421454
2025-12-24,0.002066912267693765,0.0050989707069701,-0.003032058439276335,3.543942563759659,3.868517422521868,-0.32457485876220904
2025-12-26,-0.002268071233794542,-0.00537720372487982,0.003109132491085278,3.5359046495765756,3.847715616227721,-0.31181096665114527
2025-12-29,-0.00838349730030252,-0.006349665950711044,-0.0020338313495914754,3.506261402492723,3.8232839073913403,-0.3170225048986173
2025-12-30,-0.004606826642674172,-0.003995789120301492,-0.0006110375223726799,3.4901086640475394,3.8080068711503623,-0.3178982071028229
2025-12-31,-0.008604192838119147,-0.009788943227162224,0.0011847503890430773,3.460079096076084,3.7707305080800277,-0.31065141200394386
2026-01-02,0.015394474840895263,0.0191056169631187,-0.0037111421222234386,3.5133451966681344,3.8427726408385507,-0.32942744417041636
2026-01-05,0.0061242358205237,0.009190550375687518,-0.0030663145551638182,3.5348617511714346,3.8780898363764913,-0.34322808520505665
2026-01-06,0.008442081868549119,0.008986462460086404,-0.000544380591537285,3.564703343468827,3.9129401451079313,-0.3482368016391044
2026-01-07,0.01112191525693363,0.0007950444708266182,0.010326870786107011,3.6043496719709953,3.916051106534975,-0.3117014345639797
2026-01-08,-0.0058770940168821496,-0.006340006122552588,0.00046291210567043876,3.5831665700791033,3.8912233185433145,-0.30805674846421116
2026-01-09,0.018539771779568857,0.019503752069082923,-0.0009639802895140652,3.6495976605365503,3.967116773393617,-0.3175191128570667
2026-01-12,0.007561212894579155,0.009215086626618066,-0.0016538737320389105,3.6771930454274253,4.003674098118349,-0.32648105269092387
2026-01-13,0.002314948758640834,0.0006264435075700608,0.0016885052510707732,3.6857055589032206,4.006182173763541,-0.32047661486032064
2026-01-14,-0.018156687385338606,-0.018217422760535677,6.073537519707059e-05,3.61878535527581,3.9331998594483686,-0.31441450417255856
2026-01-15,0.008345085522541668,0.0057213447709132306,0.0026237407516284377,3.6489844285533084,3.95570305189718,-0.3067186233438717
2026-01-16,0.01025728060079833,0.01644807851757739,-0.0061907979167790585,3.6864130857449235,4.0207667662870055,-0.3343536805420819
2026-01-20,-0.02555031076613542,-0.020633445054606514,-0.004916865711528905,3.592224085791792,3.9378044961374346,-0.34558041034564235
2026-01-21,0.009861284640008487,0.008786293234842915,0.001074991405165572,3.62764802999248,3.9724032011419803,-0.3447551711495005
2026-01-22,0.0044828413988518,0.008914139052607526,-0.004431297653755726,3.6439102007617934,4.007813755649983,-0.3639035548881897
2026-01-23,0.00794930643671267,0.006421541919606311,0.0015277645171063586,3.672876759575512,4.033550099687864,-0.3606733401123523
2026-01-26,-0.0026649284372256437,-0.0014791297475983828,-0.001185798689627261,3.6630888058524937,4.027583955746987,-0.3644951498944935
2026-01-27,0.02070536080136306,0.02373117963105309,-0.0030258188296900315,3.7389343812251035,4.123163274079967,-0.38422889285486317
2026-01-28,0.012140627226672144,0.011749461788133776,0.0003911654385383677,3.7843273897725456,4.171608223415006,-0.38728083364246
2026-01-29,-0.019750660811407375,-0.007426880508357347,-0.012323780303050029,3.709584423097829,4.140626187612021,-0.43104176451419196
2026-01-30,-0.012057823377929234,-0.012616617151769248,0.0005587937738400148,3.664854909318598,4.08838549223433,-0.42353058291573253
2026-02-02,0.0009714052303851015,0.011363698399640935,-0.010392293169255834,3.6684149685461125,4.1348446719095495,-0.46642970336343703
