date,AAPL_port,AAPL_bm,AAPL_active,MSFT_port,MSFT_bm,MSFT_active,GOOGL_port,GOOGL_bm,GOOGL_active,AMZN_port,AMZN_bm,AMZN_active,META_port,META_bm,META_active,NVDA_port,NVDA_bm,NVDA_active,TSLA_port,TSLA_bm,TSLA_active,PLTR_port,PLTR_bm,PLTR_active,AVGO_port,AVGO_bm,AVGO_active,MU_port,MU_bm,MU_active,GEV_port,GEV_bm,GEV_active,VRT_port,VRT_bm,VRT_active,BE_port,BE_bm,BE_active,LITE_port,LITE_bm,LITE_active,000660_port,000660_bm,000660_active
2018-01-31,0.15843108109169976,0.20800600859013466,-0.049574927498434895,0.16342783754337473,0.17865881643450388,-0.015230978891129149,0.18139576844505678,0.19948349389871453,-0.01808772545365775,0.16485502151497963,0.1707428087774047,-0.005887787262425059,0.10101472692747095,0.1326261539374528,-0.03161142700998186,0.06772637380916673,0.036377310531143243,0.03134906327802348,0.04521052842665027,0.01461181896693011,0.03059870945972016,0.004682156508489676,0.002712515441726258,0.0019696410667634184,0.028196327934209724,0.024823032491867656,0.0033732954423420676,0.08506017779890192,0.012346173821694567,0.07271400397720736,0.0,0.00930264497274029,-0.00930264497274029,0.0,0.0002074776971142547,-0.0002074776971142547,0.0,0.00038854895537544874,-0.00038854895537544874,0.0,0.0007010496312351115,-0.0007010496312351115,0.0,0.009012145851962496,-0.009012145851962496
2018-02-28,0.10884367708716129,0.2204311422805321,-0.1115874651933708,0.15983007098022178,0.17609687398909335,-0.016266803008871566,0.1495391617360796,0.18727855192066323,-0.03773939018458364,0.15721953451844095,0.17857935167258068,-0.021359817154139732,0.08618732493170048,0.12634410831038775,-0.04015678337868728,0.18337470912770382,0.03576816656373401,0.14760654256396982,0.03926024916247776,0.014133824480499773,0.025126424681977982,0.007571363178256681,0.002708973917861868,0.004862389260394813,0.023115855201874178,0.02467485435935907,-0.0015589991574848916,0.08505805407608359,0.013765552460049697,0.0712925016160339,0.0,0.009290499220990416,-0.009290499220990416,0.0,0.0002072068093602697,-0.0002072068093602697,0.0,0.000388041656734203,-0.000388041656734203,0.0,0.0009283743093050019,-0.0009283743093050019,0.0,0.009404478048848567,-0.009404478048848567
2018-03-29,0.09109449378534397,0.21961909043276676,-0.12852459664742277,0.16174144123254544,0.18129482811233466,-0.01955338687978922,0.12917925411505604,0.18551620918180106,-0.05633695506674502,0.18502238123467277,0.18075503947294078,0.004267341761731991,0.03331002152407844,0.11974962710308186,-0.08643960557900342,0.25422493637226545,0.03614543871096956,0.2180794976612959,0.016297941043480882,0.011597198160254608,0.004700742883226274,0.012941757838575242,0.0028653287502749614,0.010076429088300282,0.011871997714476779,0.024970396476023633,-0.013098398761546854,0.061510012126990136,0.01559980534443032,0.04591020678255982,0.0,0.009826722341912323,-0.009826722341912323,0.0,0.00021916624010220453,-0.00021916624010220453,0.0,0.00041043839810108286,-0.00041043839810108286,0.011519474066589177,0.0010301049977248598,0.010489369068864317,0.03128628894592576,0.010400606277281087,0.02088568266864467
2018-04-30,0.06670692481807718,0.21211216168599897,-0.14540523686792178,0.18487389844117577,0.18175766775778593,0.0031162306833898423,0.16033645445014244,0.17883736333198558,-0.018500908881843137,0.24926112014104146,0.19222900926082817,0.05703211088021329,0.035570074052405996,0.12598839573834106,-0.09041832168593505,0.1567240819105773,0.03453425956327247,0.12218982234730483,0.0,0.012621783516101407,-0.012621783516101407,0.018112594739815552,0.0028095863255798844,0.015303008414235666,0.004758013046617959,0.02383730799778497,-0.019079294951167013,0.08732531885192615,0.01348916424074958,0.07383615461117657,0.0,0.00963555219081154,-0.00963555219081154,0.0,0.0002149025556529322,-0.0002149025556529322,0.0,0.00040245368378307583,-0.00040245368378307583,0.006659489485245251,0.0007987114453142126,0.005860778039931039,0.029672030062974884,0.010731680706010245,0.01894034935696464
2018-05-31,0.09362015876064889,0.21579317584916002,-0.12217301708851114,0.16780333891492427,0.1784173724182352,-0.010614033503310916,0.13695408727561698,0.17818391854330018,-0.041229831267683203,0.20895361273152788,0.18577771806684126,0.023175894664686614,0.05742500837765629,0.13047327764269215,-0.07304826926503585,0.2159994374199393,0.03596490835007845,0.18003452906986084,0.0,0.011358400210501475,-0.011358400210501475,0.015363942773945925,0.002609507441770978,0.012754435332174947,0.0009230763741503341,0.02432558275076005,-0.023402506376609716,0.07585171582626109,0.015692036629705117,0.060159679196555974,0.0,0.008949376254636262,-0.008949376254636262,0.0,0.00019959871427555585,-0.00019959871427555585,0.0,0.00037379377641415696,-0.00037379377641415696,0.0,0.0008640614097572874,-0.0008640614097572874,0.027105621545329125,0.011017271941871801,0.016088349603457324
2018-06-29,0.10265729355441858,0.21158597444283342,-0.10892868088841484,0.14271496973979766,0.17619120887071527,-0.0334762391309176,0.12583145054557732,0.18121313963417734,-0.05538168908860003,0.18982651951458232,0.1918067899101195,-0.0019802703955371925,0.08076621541089929,0.13085629932013687,-0.05009008390923758,0.18907989812796966,0.03344067469052636,0.1556392234374433,0.008714264646879693,0.013541713477304823,-0.0048274488304251295,4.484611238621261e-05,0.002582958412614606,-0.0025381123002283933,0.024699840550840915,0.024358279554030148,0.00034156099681076704,0.1169343916626929,0.014143960870096834,0.10279043079259606,0.0,0.00885832564205229,-0.00885832564205229,0.0,0.00019756800457147478,-0.00019756800457147478,0.0,0.00036999081279365286,-0.00036999081279365286,0.0,0.0008469691200164259,-0.0008469691200164259,0.018730310133955482,0.010006147238010993,0.00872416289594449
2018-07-31,0.1286201508703012,0.20913352678814748,-0.08051337591784627,0.14283270302279105,0.18481010805596246,-0.041977405033171405,0.12943192701501036,0.19290150894994304,-0.06346958193493268,0.21632510208200922,0.19673655004736515,0.019588552034644074,0.022784955134850134,0.11307609718005991,-0.09029114204520977,0.1269825570705082,0.03372929047500587,0.09325326659550234,0.0,0.011487947703543016,-0.011487947703543016,0.015091671592458606,0.0025205586295316083,0.012571112962926997,0.014328915052945056,0.021725330900516787,-0.0073964158475717315,0.17513685789268824,0.013894387765854912,0.16124247012683332,0.0,0.008644323900544152,-0.008644323900544152,0.0,0.000192795105182467,-0.000192795105182467,0.005975191717630777,0.0005689405708422521,0.005406251146788525,0.0,0.0007458554979379475,-0.0007458554979379475,0.02248996854880715,0.00983277842956314,0.012657190119244011
2018-08-31,0.14775737390315777,0.2300769196472124,-0.08231954574405465,0.13728273463671792,0.180257461197125,-0.04297472656040707,0.13361588571339428,0.17826608591231932,-0.044650200198925044,0.31022549226849494,0.205434659201485,0.10479083306700995,0.022189767666175534,0.1061765633881426,-0.08398679572196707,0.1163587023519722,0.03571232506843289,0.08064637728353931,0.0,0.010769173621005053,-0.010769173621005053,0.012013466422140125,0.0023243376308393518,0.009689128791300773,0.0031095194005349865,0.01978652900420442,-0.016677009603669433,0.10702657122299128,0.012747202349951177,0.0942793688730401,0.0,0.007971378685578326,-0.007971378685578326,0.0,0.00017562042465415424,-0.00017562042465415424,0.008710665490449404,0.0006817030062963224,0.008028962484153083,0.0,0.0008994490413253862,-0.0008994490413253862,0.0017098209239715977,0.008720591821428543,-0.007010770897456945
2018-09-28,0.15666971798256282,0.231070138094184,-0.07440042011162118,0.17078149876913212,0.18586660213756426,-0.015085103368432135,0.1653120698956083,0.1768899987534359,-0.011577928857827602,0.2853028021754557,0.2070452198724073,0.07825758230304844,0.026271569437799014,0.10063169520504275,-0.07436012576724374,0.12212566727587762,0.036210592827991384,0.08591507444788624,0.0,0.009572495582528526,-0.009572495582528526,0.013300666410675736,0.0023539159995392563,0.010946750411136479,0.02966334726028315,0.021619051196574857,0.008044296063708292,0.007786685515224972,0.011117534814417292,-0.0033308492991923205,0.0,0.008072818499949638,-0.008072818499949638,0.0,0.00017822086439746402,-0.00017822086439746402,0.022785975277380462,0.0007889035904785657,0.021997071686901896,0.0,0.0008046504363502279,-0.0008046504363502279,0.0,0.007778162125138316,-0.007778162125138316
2018-10-31,0.15153075597217253,0.24782679333739066,-0.09629603736521813,0.20958915244277593,0.19354047915425565,0.016048673288520277,0.21041572220090535,0.17660979387743445,0.0338059283234709,0.23733028985796611,0.18319004708756353,0.05414024277040258,0.025077214823662604,0.10241796408290632,-0.07734074925924372,0.07821659296059572,0.030052276345726936,0.04816431661486878,0.0023736082567229633,0.013491028208173486,-0.011117419951450522,0.030421151641991204,0.0026039792561720707,0.027817172385819135,0.03500401035431196,0.021663036232236,0.013340974122075955,0.0,0.010030530787987746,-0.010030530787987746,0.004555530426530368,0.00893041719280791,-0.004374886766277542,0.0,0.00019634494262410837,-0.00019634494262410837,0.015485971062365367,0.0006081833523568965,0.01487778771000847,0.0,0.0008114369736636547,-0.0008114369736636547,0.0,0.008027689168700726,-0.008027689168700726
2018-11-30,0.1009347592310985,0.20704242965696146,-0.10610767042586296,0.23761320234224503,0.20939426780274775,0.02821893453949728,0.17550940299606857,0.18715813725979238,-0.011648734263723814,0.2882527251880515,0.2019134636221664,0.08633926156588512,0.030271645513300034,0.09886935343312482,-0.06859770791982478,0.038757312828193155,0.02435653526894555,0.014400777559247607,0.02242651110225555,0.014705179223657619,0.007721331878597932,0.04795035914108169,0.0027136262301166022,0.04523673291096509,0.025948631204378403,0.02398130138756475,0.0019673298168136517,0.005186262045088912,0.010685670187931732,-0.00549940814284282,0.015518312379824274,0.009306454451527491,0.006211857928296783,0.0074374362983306965,0.00020756266024982422,0.007229873638080872,0.004193439730083598,0.0004397465733642749,0.003753693156719323,0.0,0.0006888271895040493,-0.0006888271895040493,0.0,0.008537445052345235,-0.008537445052345235
2018-12-31,0.08826733612556126,0.20063459845680337,-0.11236726233124211,0.2712735581539698,0.21041432635464366,0.06085923179932615,0.17139221761182435,0.1938551930955251,-0.022462975483700742,0.256656613636273,0.19684917631183627,0.059807437324436746,0.033789007929574816,0.10112359555945862,-0.0673345876298838,0.0030079490913110865,0.021827422176028632,-0.018819473084717545,0.019815109624709816,0.015318909584437785,0.004496200040272031,0.04979504392553865,0.002977059278223965,0.04681798464731469,0.07425012257424203,0.02775792752777155,0.04649219504647048,0.0,0.009534219936340594,-0.009534219936340594,0.022247199421098186,0.010209905205367263,0.012037294215730923,0.009505841905897008,0.00022655650020615462,0.009279285405690852,0.0,0.0002926869287322275,-0.0002926869287322275,0.0,0.0008367902999148814,-0.0008367902999148814,0.0,0.008141632784709942,-0.008141632784709942
2019-01-31,0.07080446637752835,0.19302013031196052,-0.12221566393443217,0.28080485806535016,0.19705314252674036,0.0837517155386098,0.154210264694197,0.19170568553019057,-0.03749542083599358,0.2342965358857081,0.20669314047048726,0.027603395415220833,0.05402501476204149,0.11700364022798936,-0.06297862546594787,0.0,0.021566273019189796,-0.021566273019189796,0.011347384430875022,0.012967530128247029,-0.0016201456973720073,0.06415530885299381,0.0027317034114770163,0.061423605441516795,0.09482223906030526,0.026869558009159057,0.06795268105114621,0.0027686321902873484,0.010537845809104728,-0.00776921361881738,0.020982254930916978,0.009368450633269687,0.01161380429764729,0.011783040749796567,0.0002093696210158065,0.011573671128780761,0.0,0.00025430253120819975,-0.00025430253120819975,0.0,0.0008939385748701471,-0.0008939385748701471,0.0,0.009125289195090428,-0.009125289195090428
2019-02-28,0.057117644157233576,0.19830591293233513,-0.14118826877510154,0.23475630434727865,0.20876644401014868,0.025989860337129966,0.16632507341151387,0.18962059468437226,-0.023295521272858388,0.2346100582013163,0.19564349918872243,0.03896655901259388,0.07388224649787148,0.111917022411013,-0.03803477591314153,0.057186110626043805,0.02270552939885032,0.03448058122719348,0.0,0.013419586592500374,-0.013419586592500374,0.0755619118435864,0.0026977507107594405,0.07286416113282697,0.06839116994272407,0.026492055202328554,0.04189911474039551,0.004437757120842474,0.01113115718422846,-0.006693400063385986,0.01633585627265283,0.009252008929092585,0.007083847343560245,0.008895674814706007,0.00020802428278649652,0.00868765053191951,0.0,0.00038457018670494993,-0.00038457018670494993,0.002500192764230473,0.0009195670960755504,0.0015806256681549229,0.0,0.008536277190081598,-0.008536277190081598
2019-03-29,0.0957871866140489,0.20435976761790622,-0.10857258100385732,0.23447118032909908,0.20645738181008091,0.028013798519018168,0.1660156356631853,0.18637050782404035,-0.020354872160855048,0.1871354718871654,0.1995779152514239,-0.01244244336425851,0.07539493295674385,0.10854518887435811,-0.033150255917614266,0.05678923972986358,0.024827376847184574,0.03196186288267901,0.0,0.011028991802596474,-0.011028991802596474,0.050781592610822865,0.0025342225435868947,0.04824737006723597,0.12777103212295868,0.027159537729894573,0.1006114943930641,0.0,0.01043611446257878,-0.01043611446257878,0.0030732758200332534,0.008691184662860578,-0.005617908842827325,0.0,0.0001971857109803253,-0.0001971857109803253,0.0,0.0003329332622436982,-0.0003329332622436982,0.0027804522660791536,0.0009817232497564637,0.00179872901632269,0.0,0.008499968350508131,-0.008499968350508131
2019-04-30,0.09800802991054816,0.20148448733532437,-0.10347645742477621,0.30765273375336055,0.21309995610023358,0.09455277765312697,0.15528783684105504,0.176413601207379,-0.021125764366323962,0.1860301557049289,0.20196823300308536,-0.015938077298156467,0.0722226777338128,0.11756244837738945,-0.04533977064357665,0.042814892325392956,0.023452374507947748,0.019362517817445208,0.0,0.008829532812286779,-0.008829532812286779,0.027310336953222922,0.002365090761286536,0.024945246191936388,0.08301102128435371,0.026838029366172255,0.05617299191818145,0.0,0.00991164544693732,-0.00991164544693732,0.0,0.008111142647193474,-0.008111142647193474,0.0,0.00018586229409780738,-0.00018586229409780738,0.026866794257942785,0.0003275479199489496,0.026539246337993833,0.0007955212353822905,0.0010041944806035968,-0.0002086732452213063,0.0,0.008445853740113987,-0.008445853740113987
2019-05-31,0.11896104375078544,0.19001219407630746,-0.07105115032552202,0.2924931989193087,0.2235622187914374,0.0689309801278713,0.1495412952184684,0.18095500746998117,-0.031413712251512765,0.22455764070070705,0.20615020901083803,0.018407431689869025,0.08747744317465506,0.11950769035215182,-0.032030247177496765,0.035509970944969486,0.01945981881569496,0.016050152129274527,0.0,0.00777962698320586,-0.00777962698320586,0.032468691131630395,0.0026200318029750264,0.02984865932865537,0.031803509737027946,0.02349719347220115,0.008306316264826797,0.0,0.008513066769656106,-0.008513066769656106,0.01598049153561313,0.008985469835649698,0.0069950216999634315,0.011206714886834532,0.00020508319009295817,0.011001631696741574,0.0,0.0002893185746008969,-0.0002893185746008969,0.0,0.0007293516863514356,-0.0007293516863514356,0.0,0.007733719168856051,-0.007733719168856051
2019-06-28,0.12564658814704485,0.19975202567645128,-0.07410543752940643,0.292535620757747,0.22516757075121024,0.06736805000653673,0.13355712729241845,0.1647390630398802,-0.031181935747461753,0.22645979036918315,0.20450088391569465,0.021958906453488497,0.09109326768207432,0.12085370851121914,-0.02976044082914482,0.030824885299222615,0.02193875523419553,0.008886130065027087,0.0,0.0087305813743688,-0.0087305813743688,0.0399337245531952,0.0024363424476136625,0.03749738210558154,0.024730795477414927,0.025135461797120572,-0.00040466631970564534,0.004745290265445642,0.009343480749594554,-0.004598190484148912,0.016498692789076508,0.008355502229968231,0.008143190559108277,0.013974217367177244,0.0001918400398950544,0.01378237732728219,0.0,0.00030565317553230437,-0.00030565317553230437,0.0,0.0008950723345084491,-0.0008950723345084491,0.0,0.007654058722747446,-0.007654058722747446
2019-07-31,0.12316550242870479,0.2034942363817782,-0.0803287339530734,0.26723720177860116,0.22013821235989847,0.04709898941870269,0.230802578489944,0.17841977843736606,0.05238280005257795,0.15858726044675553,0.19517660247299642,-0.036589342026240895,0.08533615053046215,0.11712291326456319,-0.03178676273410104,0.030075553352651222,0.02171776749211802,0.008357785860533203,0.0,0.009147614559335781,-0.009147614559335781,0.03447989956235175,0.002347618128259301,0.03213228143409245,0.042222241210789414,0.02439931827109893,0.017822922939690483,0.008314913599781374,0.010473037165305355,-0.0021581235655239814,0.009920665051060103,0.008051219780288835,0.0018694452707712673,0.00985803354889833,0.0001857653061740332,0.009672268242724297,0.0,0.0002508359356781845,-0.0002508359356781845,0.0,0.0009144737428302852,-0.0009144737428302852,0.0,0.00816060670230908,-0.00816060670230908
2019-08-30,0.11949831739329782,0.2038502546100712,-0.08435193721677338,0.25826411966378165,0.2274660268263207,0.03079809283746096,0.18552692858262743,0.17819480770884144,0.0073321208737859855,0.1395853189167367,0.18987295294227505,-0.05028763402553835,0.06728367990646511,0.11446742493498557,-0.04718374502852046,0.0508062066629725,0.02204468871171741,0.028761517951255092,0.009270558463325876,0.008733049401328638,0.0005375090619972375,0.036810554308692456,0.002400170390951042,0.03441038391774141,0.10861293805003051,0.024313244300892347,0.08429969374913816,0.01411435048505813,0.0107981200959116,0.003316230389146531,0.0,0.00823144918463255,-0.00823144918463255,0.0,0.00019104202306969762,-0.00019104202306969762,0.0,0.00011263060816480149,-0.00011263060816480149,0.010227027567011859,0.0009266058639175076,0.009300421703094352,0.0,0.00839753239692055,-0.00839753239692055
2019-09-30,0.13452298667157764,0.2158948899569017,-0.08137190328532407,0.34641280000052166,0.22642987374982598,0.11998292625069568,0.1864231908889673,0.18044055817459295,0.005982632714374353,0.13380973104056917,0.18315693731604327,-0.04934720627547409,0.047889935149393506,0.10836829901082644,-0.06047836386143293,0.04968158755252269,0.022611745842184984,0.027069841710337703,0.003645374077093467,0.009203165210304258,-0.005557791133210791,0.03657479610614558,0.0023691306311353273,0.03420566547501025,0.03203178686493308,0.02335835696622789,0.008673429898705193,0.01036783856454622,0.010088704900984668,0.00027913366356155205,0.006453907784953731,0.008124997489957235,-0.0016710897050035032,0.0054879146024585925,0.00018765154690389112,0.005300263055554702,0.0,8.065081113581866e-05,-8.065081113581866e-05,0.0,0.000882063183147169,-0.000882063183147169,0.006698150696317412,0.008802975209828468,-0.0021048245135110565
2019-10-31,0.13126856593004801,0.2237669011463672,-0.09249833521631917,0.3300470402725471,0.2214256448771031,0.10862139539544402,0.13089744374833734,0.17585812767819214,-0.044960683929854806,0.12864232491183958,0.17832880350819366,-0.04968647859635408,0.04393719217219653,0.11064526397455475,-0.06670807180235822,0.052403418293249335,0.024783899823437372,0.027619518469811963,0.08508153686044613,0.011491486487024196,0.07359005037342194,0.027910759865922147,0.002248584528929976,0.025662175336992173,0.057481158669803384,0.02351735714956845,0.03396380152023493,0.012330559275610532,0.010656906705959184,0.001673652569651348,0.0,0.007711581376480517,-0.007711581376480517,0.0,0.00017932573975232906,-0.00017932573975232906,0.0,7.207206829425382e-05,-7.207206829425382e-05,0.0,0.00097931131997506,-0.00097931131997506,0.0,0.008334733616168153,-0.008334733616168153
2019-11-29,0.14402671312033843,0.22936389412841884,-0.08533718100808041,0.24703710319032315,0.22306435351101137,0.02397274967931179,0.14538371175217923,0.17378771598694515,-0.02840400423476591,0.11419257011328214,0.17245456429204412,-0.058261994178761975,0.04222034508536127,0.11106896746930674,-0.06884862238394546,0.1060060488566909,0.02562097277916866,0.08038507607752224,0.06318524715457656,0.01148690363302282,0.05169834352155374,0.024508009017610428,0.002145365332128688,0.02236264368548174,0.0863189217481621,0.02422762965885896,0.062091292089303134,0.01024390460716628,0.010159157969234651,8.474663793162952e-05,0.0,0.0073575883530886555,-0.0073575883530886555,0.0,0.00017042757375587903,-0.00017042757375587903,0.007518940429291103,0.0001486150849088399,0.007370325344382263,0.00935848492501828,0.0010983838501669048,0.008260101074851374,0.0,0.00784546037793951,-0.00784546037793951
2019-12-31,0.20347713259205222,0.23978253693364332,-0.0363054043415911,0.2165358946098773,0.22109227699712553,-0.004556382387248231,0.19728237661916395,0.16960388992087236,0.027678486698291593,0.10020062622392413,0.1683657623669803,-0.06816513614305618,0.030427930711097145,0.10756708944271695,-0.0771391587316198,0.10137339649831284,0.02646419446704629,0.07490920203126655,0.05912546295855323,0.01385693641923561,0.045268526539317615,0.0050460715714068845,0.002041180752280591,0.0030048908191262933,0.057812455724434456,0.023102355314889786,0.03471010040954467,0.009476998644443145,0.010979201492064819,-0.0015022028476216736,0.0,0.007000284522462659,-0.007000284522462659,0.0,0.00017483160562509304,-0.00017483160562509304,0.019241653846734666,0.00016200039415977582,0.01907965345257489,0.0,0.0011250603454321885,-0.0011250603454321885,0.0,0.008682399025464816,-0.008682399025464816
2020-01-31,0.19830258547319965,0.23513223677798478,-0.03682965130478513,0.23551039384479752,0.22480547881362375,0.010704915031173767,0.17573681277537473,0.17166324171776978,0.004073571057604947,0.10500714309306615,0.1736181780598768,-0.06861103496681066,0.022776847452003958,0.09992706771945717,-0.07715022026745322,0.09827363209989479,0.02512266986237219,0.0731509622375226,0.11333712358676103,0.020359574800589687,0.09297754878617134,0.010406236008254986,0.0019284479498958304,0.008477788058359156,0.02750173102841143,0.021076367055184862,0.006425363973226569,0.0,0.010239744969927219,-0.010239744969927219,0.0,0.006613664331758744,-0.006613664331758744,0.0016775293050241725,0.00018569173576923415,0.0014918375692549383,0.011469965333211542,0.0001614537641882483,0.011308511569023294,0.0,0.0010156086111687069,-0.0010156086111687069,0.0,0.008150573830432866,-0.008150573830432866
2020-02-28,0.15311136246958776,0.22170875179120628,-0.06859738932161852,0.23890191212840686,0.22841414522029016,0.010487766908116702,0.15607817277544955,0.1706220375250046,-0.014543864749555047,0.14148728905745353,0.1738238789720948,-0.03233658991464128,0.0,0.10169479897493953,-0.10169479897493953,0.09416991372889516,0.030637260878900795,0.06353265284999436,0.17990108306826458,0.02279651872882387,0.1571045643394407,0.015553804829681762,0.0020588196402881198,0.013494985189393642,0.0,0.020186063812949184,-0.020186063812949184,0.00469546522396123,0.010822862787742955,-0.006127397563781725,0.0,0.007060777565312781,-0.007060777565312781,0.007568496105408442,0.0007177192596298627,0.0068507768457785785,0.002883105086155598,0.00019839904729632718,0.0026847060388592706,0.0056493955267355195,0.001077541477549791,0.004571854049185729,0.0,0.008180424317970746,-0.008180424317970746
2020-03-31,0.1578580923606875,0.22003646486353312,-0.06217837250284561,0.24780627566983435,0.2372236102529251,0.010582665416909248,0.139371570270744,0.1579919505847552,-0.018620380314011198,0.1757790875324948,0.19194461146823094,-0.016165523935736142,0.010958917767619791,0.09402627867038918,-0.0830673609027694,0.1337564033798238,0.031928678615911976,0.10182772476391183,0.09613552271811812,0.019078637774818656,0.07705688494329946,0.017986321347960462,0.002196523270076804,0.01578979807788366,0.0,0.018745827484667552,-0.018745827484667552,0.010584567355718619,0.009250950743575657,0.0013336166121429623,0.006665384106859985,0.007533035883063243,-0.0008676517762032576,0.0,0.0005617905138846387,-0.0005617905138846387,0.0,0.00012205385984549537,-0.00012205385984549537,0.0,0.0010887489864460805,-0.0010887489864460805,0.0030978574901385546,0.008270837027876631,-0.005172979537738077
2020-04-30,0.09939847199711525,0.2153505582982054,-0.11595208630109015,0.21955295758648602,0.22766539151123089,-0.008112433924744866,0.15492431086566288,0.15411721107578488,0.0008070997898780019,0.19366794715791058,0.20661182079400744,-0.012943873636096864,0.015335688499956342,0.09770476882603593,-0.08236908032607959,0.11723128185805803,0.030118831432977042,0.08711245042508099,0.1418867188286612,0.02428011003810151,0.11760660879055967,0.026833857631875905,0.001860649806107798,0.024973207825768107,0.0,0.018191295985453174,-0.018191295985453174,0.016621560112753744,0.008922586576125933,0.007698973536627811,0.005478850318874998,0.006381148766402374,-0.0009022984475273764,0.0,0.0005826169302531873,-0.0005826169302531873,0.00906835514264516,0.00016074404590116223,0.008907611096743998,0.0,0.0010124913240999885,-0.0010124913240999885,0.0,0.007039774589313479,-0.007039774589313479
2020-05-29,0.13036133032066624,0.2205639347171372,-0.09020260439647096,0.1991230767051007,0.22242167574121444,-0.023298599036113726,0.1405210768165751,0.15635633198367996,-0.01583525516710485,0.16688826775103813,0.19497722663854575,-0.02808895888750762,0.04564245831401509,0.10264345283499858,-0.05700099452098349,0.08923072006550425,0.034945784257623395,0.05428493580788086,0.19377341130372663,0.02479264502115021,0.1689807662825764,0.01671286180731073,0.0017777184939684592,0.014935143313342272,0.008440003728205818,0.018637858056060542,-0.010197854327854724,0.007460620600442857,0.00852845677675237,-0.001067836176309512,0.0,0.00609673359143666,-0.00609673359143666,0.0018461725874145372,0.0006691352154485065,0.0011770373719660306,0.0,0.00016086751431487262,-0.00016086751431487262,0.0,0.0008789640851219381,-0.0008789640851219381,0.0,0.006549215072546998,-0.006549215072546998
2020-06-30,0.13000278385301253,0.23128883137443765,-0.10128604752142512,0.1870027167505053,0.2257508429991588,-0.03874812624865348,0.11329118513868415,0.14136164350899463,-0.028070458370310483,0.14549437162280374,0.20128263024697643,-0.05578825862417269,0.031834108824142365,0.09470774298605021,-0.06287363416190785,0.09832339353671705,0.03417694175572901,0.06414645178098805,0.22579527473334843,0.029301795508052488,0.19649347922529595,0.004296834002743635,0.001624701164767657,0.0026721328379759783,0.02569637669634527,0.01856753653911503,0.00712884015723024,0.008623145357353576,0.008372722037021456,0.0002504233203321198,0.0,0.005571956527927636,-0.005571956527927636,0.0044514265306640375,0.0006514118766291482,0.003800014654034889,0.025188382953680085,0.0001992013227449128,0.02498918163093517,0.0,0.0008921617708813753,-0.0008921617708813753,0.0,0.006249880381513615,-0.006249880381513615
2020-07-31,0.15087764309552512,0.24225652006852708,-0.09137887697300195,0.1816241446540422,0.20681469869636362,-0.025190554042321428,0.12013232845016875,0.1346736075513967,-0.01454127910122796,0.1706244513504295,0.21130852120888993,-0.04068406985846043,0.03973153907587034,0.09633378640916833,-0.05660224733329799,0.0702260947532483,0.03480887815443955,0.03541721659880875,0.2250206983344503,0.03554419342941958,0.1894765049050307,0.0057952286101980825,0.0014806120654574893,0.004314616544740593,0.014398566081621864,0.016981965246790954,-0.0025833991651690903,0.009794110924166372,0.007413206140709498,0.0023809047834568737,0.0,0.005077799069981014,-0.005077799069981014,0.0007547729662364178,0.0006347924858450076,0.00011998048039141024,0.011020421704042731,0.0002028918870289346,0.010817529817013796,0.0,0.0009268625136208458,-0.0009268625136208458,0.0,0.005541665072361484,-0.005541665072361484
2020-08-31,0.15558892832680865,0.2544620128926535,-0.09887308456584487,0.1677564113168976,0.19679026789737297,-0.02903385658047536,0.112639816570753,0.12798622551289013,-0.015346408942137124,0.16348401968693524,0.19930586310242657,-0.03582184341549133,0.05184210183505092,0.09630890135962074,-0.04446679952456982,0.07923173273353268,0.03805930041800917,0.041172432315523505,0.2419843989761219,0.05353935525263387,0.18844504372348803,0.004488494328082814,0.0012806611209938477,0.003207833207088967,0.014450449025604935,0.016098352578069883,-0.001647903552464948,0.0,0.005829863524145248,-0.005829863524145248,0.0,0.004392061905245977,-0.004392061905245977,0.008533647200212156,0.0006145754959155985,0.007919071704296558,0.0,0.00023934341600606717,-0.00023934341600606717,0.0,0.0007456832408686628,-0.0007456832408686628,0.0,0.004347532283147978,-0.004347532283147978
2020-09-30,0.16831578154834667,0.24955248267061453,-0.08123670112226786,0.16873260309501453,0.20054772887444755,-0.03181512577943302,0.10884501110392766,0.12577817377060954,-0.016933162666681878,0.16749071079277536,0.19871598354568462,-0.03122527275290926,0.052447629359181194,0.0940059170454132,-0.041558287686232,0.08312981313796054,0.04207405021003026,0.041055762927930284,0.2057975045019658,0.05036739199286453,0.15543011250910127,0.009665351754940033,0.00197282623675544,0.007692525518184593,0.028509306062358748,0.018567707591626292,0.009941598470732456,0.0,0.006573503059655101,-0.006573503059655101,0.0,0.0047993860189625,-0.0047993860189625,0.006426320124873321,0.0007166743030677559,0.005709645821805565,0.00063996851865613,0.0003001200546059805,0.00033984846405014945,0.0,0.0007143257202042578,-0.0007143257202042578,0.0,0.005313728905458491,-0.005313728905458491
2020-10-30,0.11703554844367424,0.23935040515519465,-0.12231485671152041,0.17272344643287188,0.1979620086806893,-0.025238562247817425,0.1019650853492321,0.1415952071203811,-0.039630121771148996,0.1234145255242861,0.19700738749432908,-0.07359286197004299,0.03704475730995493,0.0969154127763924,-0.059870655466437474,0.09783281676232898,0.040004212776231306,0.057828603986097675,0.268943519741074,0.04756749024720353,0.22137602949387047,0.039119983232749816,0.0021591869066950094,0.036960796326054805,0.02972803377749125,0.018289402941504516,0.011438630835986733,0.0,0.007247125737712662,-0.007247125737712662,0.0,0.004926077554662008,-0.004926077554662008,0.012192283426336789,0.0007496080134213805,0.011442675412915408,0.0,0.00023172487419372128,-0.00023172487419372128,0.0,0.0008069589758987035,-0.0008069589758987035,0.0,0.005187790745490742,-0.005187790745490742
2020-11-30,0.12873638919007416,0.239120936978553,-0.11038454778847884,0.15875251876376573,0.1912050441477544,-0.032452525383988684,0.12296244655631837,0.14046243321819038,-0.01749998666187201,0.13397396344014573,0.18778993490888884,-0.05381597146874312,0.03394577586912702,0.09319885853097748,-0.05925308266185046,0.07408656055317651,0.03920101400155139,0.034885546551625124,0.22975431771734764,0.06356213784573574,0.1661921798716119,0.06476936664834576,0.005579333162276726,0.059190033486069035,0.016384856839287622,0.0191904553713833,-0.0028055985320956794,0.027482183559975407,0.008428789803040208,0.019053393756935197,0.0,0.004500114997385348,-0.004500114997385348,0.008953644936078163,0.0007259170325183516,0.008227727903559811,0.00019797592635784845,0.0004814381531062258,-0.0002834622267483774,0.0,0.0007704658630362661,-0.0007704658630362661,0.0,0.0057831259856022475,-0.0057831259856022475
2020-12-31,0.13720289969711302,0.2521789383287209,-0.11497603863160788,0.15408261844374604,0.18797486706086602,-0.03389224861711998,0.11507352390217594,0.1324922907500154,-0.017418766847839454,0.13402200715428256,0.18267221438704845,-0.04865020723276589,0.022412356523433784,0.08697158406059965,-0.06455922753716586,0.047004773253789725,0.03613293004770369,0.010871843206086036,0.18894992981499234,0.07477220322068934,0.114177726594303,0.11833707576121111,0.004585916088956366,0.11375115967225474,0.03360210222117375,0.019906238265559813,0.013695863955613934,0.049312713228081693,0.009386326548247205,0.03992638667983449,0.0,0.004258003615800532,-0.004258003615800532,0.0,0.0006853934211526155,-0.0006853934211526155,0.0,0.0005324497638140624,-0.0005324497638140624,0.0,0.0008000754652505782,-0.0008000754652505782,0.0,0.006650568975575431,-0.006650568975575431
2021-01-29,0.18038917710319702,0.24416430723912103,-0.06377513013592401,0.17088376201431646,0.19281928998100267,-0.021935527966686214,0.11202143512979004,0.13655908358796906,-0.024537648458179018,0.11418808554880319,0.17730355425907504,-0.06311546871027185,0.032558658272073576,0.08107798059529506,-0.04851932232322148,0.043141329212977794,0.035447846781003316,0.0076934824319744785,0.15861636017935585,0.08290192901454668,0.07571443116480917,0.1283295898225027,0.006754509082429664,0.12157508074007303,0.03260715069202241,0.020193955848338233,0.01241319484368418,0.02726445202496096,0.009650200383285581,0.017614251641675377,0.0,0.004198254758207212,-0.004198254758207212,0.0,0.0007282598233309803,-0.0007282598233309803,0.0,0.0006394624663357449,-0.0006394624663357449,0.0,0.0007827771666610831,-0.0007827771666610831,0.0,0.0067785890133985815,-0.0067785890133985815
2021-02-26,0.1357646368988077,0.22874398685777644,-0.09297934995896875,0.17683987797305664,0.1969374808437918,-0.02009760287073517,0.155035656057122,0.1537470205003981,0.0012886355567238994,0.12585201335169377,0.17500726789170412,-0.04915525454001035,0.024412380431022174,0.08243277248722009,-0.05802039205619791,0.05076408749990881,0.03815586447718667,0.012608223022722138,0.10374287514640426,0.07285527242027037,0.03088760272613389,0.14213471921106136,0.004678300424670161,0.1374564187863912,0.027082946533259256,0.021553084248641986,0.005529862284617271,0.037849221130558636,0.011505267264600692,0.026343953865957944,0.0,0.004280170215347499,-0.004280170215347499,0.0,0.0008043725915284614,-0.0008043725915284614,0.0,0.0005508591351759795,-0.0005508591351759795,0.0,0.0007655420791888329,-0.0007655420791888329,0.02052158576710536,0.007982738562498974,0.012538847204606386
2021-03-31,0.09929177559292388,0.226742205660677,-0.1274504300677531,0.17185430781057778,0.19661875765825207,-0.024764449847674286,0.2034481744940333,0.15397560583481268,0.04947256865922062,0.0994984589638053,0.1722758120319684,-0.0727773530681631,0.02849027538927638,0.09273776852762579,-0.0642474931383494,0.05204013279015568,0.036602728836569245,0.015437403953586434,0.12922172375455357,0.07088810331202987,0.0583336204425237,0.0729803481498585,0.004692659915585961,0.06828768823427254,0.05227396655759143,0.02093239573323055,0.031341570824360884,0.07582420499100594,0.010910831389485467,0.06491337360152047,0.0,0.0042118007132310505,-0.0042118007132310505,0.0,0.0007771763177459458,-0.0007771763177459458,0.0,0.0005139404745654368,-0.0005139404745654368,0.0,0.0007646133612929793,-0.0007646133612929793,0.015076631506218241,0.007355600232927853,0.007721031273290388
2021-04-30,0.10091604053081012,0.22235245364586803,-0.12143641311505791,0.15492907704275205,0.1925085531555904,-0.03757947611283835,0.20906147977813674,0.1618517962568936,0.047209683521243134,0.10401927783571747,0.17724315369953283,-0.07322387586381536,0.06018506016669098,0.09342607996277301,-0.03324101979608203,0.06486813910702603,0.037873721177035385,0.026994417929990647,0.14224122856191435,0.06926990132033779,0.07297132724157655,0.055721405669148336,0.0045233471496085595,0.05119805851953978,0.03170717303177063,0.01887951116394005,0.012827661867830582,0.05927398538478207,0.00978299859734104,0.04949098678744103,0.0,0.003860859276401042,-0.003860859276401042,0.017077132891251283,0.0008087709421626078,0.016268361949088674,0.0,0.0004525793764914817,-0.0004525793764914817,0.0,0.0006525650463178241,-0.0006525650463178241,0.0,0.0065137092297063515,-0.0065137092297063515
2021-05-28,0.10679406937487355,0.2172140316595681,-0.11041996228469454,0.16247469686967275,0.19643090948896866,-0.033956212619295906,0.24310871496017247,0.1669685150701489,0.07614019989002357,0.14369188789500145,0.16979286600447696,-0.02610097810947551,0.08561635366790295,0.0973652308085315,-0.011748877140628555,0.061892940274152486,0.04228581242197247,0.019607127852180016,0.11535653628963831,0.06291416570505991,0.0524423705845784,0.01756056394287482,0.004499130101640296,0.013061433841234526,0.018669251024537942,0.020145018801242302,-0.00147576777670436,0.029054535511899803,0.009856197068258733,0.01919833844364107,0.0,0.0039789699074479585,-0.0039789699074479585,0.015780450189273442,0.0009131444200197172,0.014867305769253724,0.0,0.0004352398562530927,-0.0004352398562530927,0.0,0.0006451287319503443,-0.0006451287319503443,0.0,0.006555639954460827,-0.006555639954460827
2021-06-30,0.09904386634140051,0.22143061887288487,-0.12238675253148436,0.16637148982687977,0.19767148407143473,-0.03129999424455496,0.1915189096087093,0.16070614263440774,0.030812766974301548,0.12697007914366004,0.16808822421779132,-0.04111814507413128,0.0694381994822599,0.09551920186788876,-0.026081002385628854,0.09868540997806613,0.04829270761826632,0.05039270235979981,0.09566494266166528,0.0634368771745738,0.03222806548709148,0.06439093474475559,0.00479292037316668,0.05959801437158891,0.05008525102542268,0.018953162504084464,0.031132088521338218,0.01884583095323342,0.009232781197084754,0.009613049756148666,0.0,0.0036904523366327597,-0.0036904523366327597,0.018985086233947283,0.0009315566738814843,0.018053529560065798,0.0,0.0004487749615076998,-0.0004487749615076998,0.0,0.0006032033238417685,-0.0006032033238417685,0.0,0.006201892172552714,-0.006201892172552714
2021-07-30,0.12488903668095558,0.22639351807499838,-0.1015044813940428,0.14704362073387522,0.20103929702162335,-0.05399567628774812,0.18621906462751353,0.1690125142651392,0.01720655036237434,0.09045718648578535,0.15823728424269648,-0.06778009775691113,0.05939007996871951,0.09432567826011705,-0.034935598291397536,0.1351520615735128,0.04562584717405134,0.08952621439946147,0.09052245868257322,0.06388156675941745,0.026640891923155774,0.09266463606984016,0.003825744453813914,0.08883889161602625,0.028818579152275262,0.0186986436292915,0.010119935522983764,0.032965541946401736,0.008200562984194847,0.02476497896220689,0.0,0.0035766869185770477,-0.0035766869185770477,0.011877734078547647,0.0009276413438359013,0.010950092734711746,0.0,0.00035287327587439854,-0.00035287327587439854,0.0,0.000598576856731585,-0.000598576856731585,0.0,0.00530356473963732,-0.00530356473963732
2021-08-31,0.13180175656993015,0.2223576391485636,-0.09055588257863345,0.15356308668769572,0.20098992530070306,-0.04742683861300734,0.18036571027614842,0.1714166526113157,0.008949057664832727,0.09481366102380338,0.15573062656760056,-0.06091696554379718,0.06470728669505307,0.09476658480278431,-0.03005929810773124,0.10914416215816451,0.049580894168607975,0.05956326798955654,0.07483581468519931,0.06529751819568086,0.009538296489518455,0.12420356806598376,0.004557876124751981,0.11964569194123179,0.01870896576994425,0.018072443284891472,0.0006365224850527797,0.034788825025869205,0.00735068926818228,0.027438135757686926,0.0,0.003374796651598661,-0.003374796651598661,0.013067163042208181,0.0008795778913444503,0.01218758515086373,0.0,0.00032942161832265034,-0.00032942161832265034,0.0,0.0005580461315431723,-0.0005580461315431723,0.0,0.0047373082341090845,-0.0047373082341090845
2021-09-30,0.13352777076396896,0.22093779792200519,-0.08741002715803622,0.16039884640963964,0.20011744672695433,-0.039718600317314695,0.20348902986942533,0.16811232935937634,0.035376700510048986,0.09564295677678941,0.1571467756159897,-0.06150381883920028,0.06095435524680618,0.09038554028627033,-0.029431185039464146,0.1169610331422123,0.04891953017127539,0.06804150297093692,0.10052985585046365,0.07337934545161927,0.027150510398844377,0.09184349416873788,0.004435068474733648,0.08740842569400424,0.03587903540859448,0.018854193959020632,0.01702484144957385,0.0,0.007547718432430412,-0.007547718432430412,0.000773622363362019,0.003598046141681577,-0.002824423778319558,0.0,0.0008020954037327294,-0.0008020954037327294,0.0,0.0003069428952985429,-0.0003069428952985429,0.0,0.0005724637286393938,-0.0005724637286393938,0.0,0.004884705430972383,-0.004884705430972383
2021-10-29,0.09923476045939601,0.20934755802322758,-0.11011279756383156,0.19765252497491922,0.21208341962797694,-0.014430894653057719,0.2099923859765093,0.16754087785352512,0.04245150812298418,0.09113563700185212,0.1456868003927058,-0.05455116339085367,0.0067834942325216705,0.07667092466063334,-0.06988743042811167,0.1164160706208815,0.054445582646108166,0.06197048797477333,0.1555280177515387,0.09529636247727451,0.060231655274264204,0.06869392193702585,0.004305629352106087,0.06438829258491977,0.0359587084854397,0.018641359283411308,0.017317349202028393,0.0,0.006584229316809376,-0.006584229316809376,0.0,0.003244690160203556,-0.003244690160203556,0.01440365898932216,0.0007710750496925418,0.013632583939629619,0.00420081957059381,0.00046619066449142684,0.003734628906102383,0.0,0.0005103109438230583,-0.0005103109438230583,0.0,0.004404989548011086,-0.004404989548011086
2021-11-30,0.11436253722392242,0.22213698541524102,-0.1077744481913186,0.1929606488617386,0.20330480784094837,-0.010344158979209761,0.1772333380488593,0.15460465334875856,0.022628684700100737,0.08710129054705805,0.14568459466949232,-0.058583304122434274,0.0,0.07392912229269791,-0.07392912229269791,0.1753676622367817,0.06691195205872008,0.10845571017806163,0.15310361300956998,0.09416673511110779,0.05893687789846219,0.03643574654063776,0.0033910207516940623,0.0330447257889437,0.03241547990342566,0.01866750137097591,0.013747978532449748,0.02328988478621906,0.007696585905930573,0.015593298880288486,0.0,0.003120075951012754,-0.003120075951012754,0.00772979884178738,0.000788975265981044,0.006940823575806335,0.0,0.0003949507334857473,-0.0003949507334857473,0.0,0.0005138574988294415,-0.0005138574988294415,0.0,0.004688181785124327,-0.004688181785124327
2021-12-31,0.14095183985455007,0.2363973402529167,-0.09544550039836663,0.1901851414550661,0.20489700105708109,-0.014711859602014987,0.14531881134319827,0.1559418515977716,-0.010623040254573335,0.0668975330490439,0.13721577694171785,-0.07031824389267395,0.0,0.07592255052804914,-0.07592255052804914,0.19089557629539547,0.05966361652621977,0.1312319597691757,0.12445234141789406,0.086117739902482,0.038334601515412056,0.008064569701168622,0.0029624109742375387,0.005102158726931084,0.06552792200879849,0.02229290160981575,0.04323502039898274,0.06525639975679706,0.00846693984158081,0.05678945991521625,0.0,0.003090936884063752,-0.003090936884063752,0.0,0.0007611826462012129,-0.0007611826462012129,0.002449865118087826,0.0003122409104016818,0.002137624207686144,0.0,0.000620526847852067,-0.000620526847852067,0.0,0.005336983479609089,-0.005336983479609089
2022-01-31,0.17829199988812489,0.25016155717351857,-0.07186955728539368,0.22303163101852103,0.20447291591731545,0.018558715101205575,0.125104620893458,0.15777053120492185,-0.03266591031146385,0.07648070301180268,0.13305849338667763,-0.05657779037487495,0.0123866419061887,0.07642722376658638,-0.06404058186039768,0.18895626211436084,0.05368851749037208,0.13526774462398877,0.09111103118224201,0.08250525563736762,0.008605775544874392,0.0,0.002410663550027818,-0.002410663550027818,0.05812363954841037,0.021215327100223745,0.036908312448186625,0.03869711236539979,0.008079726140524277,0.030617386224875517,0.00031893834270266784,0.0033408264868106125,-0.0030218881441079447,0.0,0.00068730328969756,-0.00068730328969756,0.0,0.00023206855765136664,-0.00023206855765136664,0.0,0.0006434907581163602,-0.0006434907581163602,0.007497419728789006,0.0053060995401885795,0.002191320188600426
2022-02-28,0.18442078763305828,0.24845757954533434,-0.06403679191227607,0.2105858881231872,0.20653474507055797,0.004051143052629241,0.20479083531230372,0.16451443410493882,0.04027640120736489,0.07140972186146886,0.1440949905977089,-0.07268526873624002,0.0,0.052962728536299186,-0.052962728536299186,0.12843740049730626,0.05620954375325555,0.07222785674405072,0.08243768343084917,0.08294588049587548,-0.0005081970650263057,0.0,0.002218130001885822,-0.002218130001885822,0.045919718593206905,0.022186268513779844,0.023733450079427062,0.0504138966689305,0.009174558751101786,0.04123933791782872,0.010429197775765998,0.0035121871831234126,0.0069170105926425855,0.0,0.00045114609186625053,-0.00045114609186625053,0.0,0.00036254458201557654,-0.00036254458201557654,0.0,0.0006581200094669052,-0.0006581200094669052,0.011154870103923045,0.005717142762790257,0.005437727341132788
2022-03-31,0.16107482548459665,0.2466760324844612,-0.08560120699986457,0.18886994413547165,0.2000874954725353,-0.011217551337063647,0.17139939130138454,0.1594847126682247,0.011914678633159842,0.08896202394258916,0.1435980395244138,-0.05463601558182464,0.0,0.052394788265582394,-0.052394788265582394,0.14530348787965722,0.059287912606076056,0.08601557527358117,0.0815903700127704,0.0964103869064764,-0.01482001689370599,0.0,0.002412928513704025,-0.002412928513704025,0.10222967168142617,0.02225521600381133,0.07997445567761484,0.030850633321430596,0.007529357079480678,0.02332127624194992,0.0028290125866104188,0.003297485738625232,-0.00046847315201481313,0.0,0.00045567915550028307,-0.00045567915550028307,0.026890639654063277,0.00037134562383245475,0.026519294030230824,0.0,0.0006100136863956448,-0.0006100136863956448,0.0,0.005128606270880435,-0.005128606270880435
2022-04-29,0.15016681919177277,0.2619010314960659,-0.11173421230429315,0.16296509274134724,0.2130420916975141,-0.05007699895616685,0.13193075687718547,0.1548431799210313,-0.02291242304384583,0.08635980418373206,0.12979004346131592,-0.04343023927758387,0.0,0.05568711954068124,-0.05568711954068124,0.17646153494089353,0.04766901289392653,0.128792522046967,0.14902486432977258,0.09259511171309559,0.05642975261667699,2.9237682493155833e-05,0.0022919170699743736,-0.0022626793874812178,0.08930218414209902,0.023232738909164125,0.0660694452329349,0.032190727218922424,0.007815737959098137,0.024374989259824287,0.0007225405475635845,0.003909813442402328,-0.0031872728948387436,0.0,0.00048445828918992803,-0.00048445828918992803,0.020846438144218098,0.00033838589706960157,0.020508052247148495,0.0,0.0006018279888840406,-0.0006018279888840406,0.0,0.005797529720586953,-0.005797529720586953
2022-05-31,0.16179119985361212,0.25677093982140053,-0.09497973996778841,0.23678515944178863,0.216728184681245,0.020056974760543633,0.17180243298116687,0.15989323451622875,0.011909198464938126,0.051267751855133,0.13036369389810457,-0.07909594204297157,0.0,0.05585774684206266,-0.05585774684206266,0.09958954022291339,0.04975531684565726,0.049834223377256126,0.1295854990203652,0.08373185473613118,0.045853644284234024,0.0,0.0018934775831408227,-0.0018934775831408227,0.09723844990594724,0.02497004495424759,0.07226840495169964,0.028623328193832235,0.008788686297420738,0.019834641896411497,0.011436828620330762,0.0040601213207860165,0.0073767072995447455,0.0,0.00044125128620402064,-0.00044125128620402064,0.005508524640240592,0.0003327730240854693,0.005175751616155123,0.006371285264670008,0.0006330820469389851,0.005738203217731023,0.0,0.005779592146346341,-0.005779592146346341
2022-06-30,0.17170733723687231,0.25920083644481035,-0.08749349920793803,0.24965702505103934,0.22499765799439936,0.024659367056639986,0.1740972083052668,0.16841564891591995,0.005681559389346835,0.06322391961102482,0.12657892865410997,-0.06335500904308515,0.0,0.05111709942619628,-0.05111709942619628,0.06465822747535893,0.044391247518111125,0.020266979957247806,0.08033406858791405,0.08175159811841451,-0.0014175295305004637,0.013268735832125613,0.002174332055036046,0.011094403777089567,0.10555634394728095,0.022979394945852164,0.08257694900142878,0.0,0.007230668472050936,-0.007230668472050936,0.022734329019500985,0.004461872444674139,0.018272456574826845,0.0,0.0003626922293140796,-0.0003626922293140796,0.04174170258874262,0.0003444102742813942,0.04139729231446123,0.013021102344873576,0.0006418976148144299,0.012379204730059146,0.0,0.005351714892015279,-0.005351714892015279
2022-07-29,0.1607826873645082,0.2659687771266434,-0.1051860897621352,0.2156143958558235,0.21322334147578248,0.00239105438004103,0.1542586034823893,0.1547334313963938,-0.00047482791400452196,0.07828527477253798,0.14000940645912693,-0.061724131686588954,0.0,0.043545256437607885,-0.043545256437607885,0.08545510000921674,0.046242569567385275,0.03921253044183147,0.10276341945858708,0.09482342740874802,0.007939992049839056,0.04368507238641041,0.0021571806187291255,0.041527891767681284,0.11866090326119336,0.02202130097060867,0.09663960229058469,0.0,0.006949553876879543,-0.006949553876879543,0.018439365385839727,0.003879222848506329,0.014560142537333398,0.0,0.000438086751843645,-0.000438086751843645,0.02205517802349366,0.0003671263971559773,0.021688051626337683,0.0,0.0006356529123416426,-0.0006356529123416426,0.0,0.0050056657522473845,-0.0050056657522473845
2022-08-31,0.16800994144720718,0.27332985562594353,-0.10531991417873635,0.19706201825398068,0.21095072881741161,-0.01388871056343094,0.14376318583571923,0.15337241952911215,-0.009609233693392921,0.09717442740782996,0.13971065533649066,-0.0425362279286607,0.0,0.04736967925785675,-0.04736967925785675,0.09433981995565159,0.04065807134058032,0.05368174861507127,0.11441689932821637,0.09342510599358217,0.020991793334634204,0.016986875470914514,0.0017238687607396318,0.015263006710174883,0.08505112172032668,0.021803424127682013,0.06324769759264467,0.040223416772480515,0.006746130063247988,0.03347728670923253,0.019795734965967572,0.004120723201481762,0.01567501176448581,0.0,0.0004702811776515535,-0.0004702811776515535,0.02317655884170558,0.0005328984560931994,0.022643660385612382,0.0,0.0006155121737790531,-0.0006155121737790531,0.0,0.005170646138347627,-0.005170646138347627
2022-09-30,0.14829494604571342,0.2707836481458586,-0.12248870210014517,0.2067421592016656,0.2117696718972371,-0.005027512695571501,0.14563865883362184,0.1525183451919913,-0.006879686358369469,0.10024759695822942,0.14035458191041866,-0.04010698495218924,0.0,0.04445804217549049,-0.04445804217549049,0.04807617473885785,0.03685194813405786,0.011224226604799992,0.11121262081852147,0.10133492085392085,0.009877699964600625,0.002729005085466648,0.002046032636325691,0.0006829724491409571,0.18574762103952364,0.021924390497621744,0.1638232305419019,0.017162551769536134,0.006738272372628226,0.010424279396907907,0.02146876418888301,0.0046441747709158095,0.016824589417967203,0.0032963069252113565,0.00044681697951331285,0.0028494899456980435,0.009383594394769499,0.0004724846471530072,0.008911109747616492,0.0,0.0005698774956646194,-0.0005698774956646194,0.0,0.005086792291202623,-0.005086792291202623
2022-10-31,0.17265077841183216,0.30109040872747705,-0.1284396303156449,0.17568993702281643,0.21358506656392265,-0.037895129541106215,0.12985261107347382,0.1511064088708857,-0.021253797797411877,0.09117281749751055,0.12899201463338159,-0.037819197135871035,0.0,0.030489601086673448,-0.030489601086673448,0.06203590313097344,0.041481958583125415,0.02055394454784802,0.09117734224708951,0.08868669952178895,0.002490642725300557,0.061688141834443884,0.0022395221051360213,0.059448619729307865,0.15884442932896375,0.023501455294585177,0.1353429740343786,0.0023957915765207456,0.007259668966643317,-0.004863877390122571,0.034319731971705646,0.004701679494595447,0.029618052477110197,0.013488832011965012,0.0006664137874719785,0.012822418224493034,0.006683683892705103,0.000447706248344524,0.006235977644360579,0.0,0.0006264068980005774,-0.0006264068980005774,0.0,0.005124989217968108,-0.005124989217968108
2022-11-30,0.16601436166342284,0.28401430071230677,-0.11799993904888392,0.18937911329283902,0.22938613876228106,-0.04000702546944204,0.15201845919971124,0.1580089056023875,-0.005990446402676264,0.1126833965171664,0.11878170564432564,-0.006098309127159238,0.0,0.037767754704455196,-0.037767754704455196,0.10733982417176101,0.05020929540570719,0.05713052876605382,0.07073200527504707,0.07415077551083687,-0.003418770235789806,0.03779980761944481,0.0018816418587966944,0.035918165760648116,0.09855922798082101,0.026915985116973202,0.07164324286384781,0.013742173899096643,0.007559061369868576,0.006183112529228067,0.03330575921200557,0.004594116747667589,0.02871164246433798,0.01318872787722097,0.0006302358679725673,0.012558492009248403,0.005237143291463486,0.0005011658981042952,0.00473597739335919,0.0,0.0004519024491852084,-0.0004519024491852084,0.0,0.005147014349131667,-0.005147014349131667
2022-12-30,0.1579662075135658,0.28273200696028367,-0.12476579944671787,0.23603312635492718,0.2445395377532884,-0.008506411398361224,0.1919597870887544,0.1566525656425535,0.03530722144620091,0.10622120895772615,0.11721862353328519,-0.010997414575559042,0.0,0.04316403729635962,-0.04316403729635962,0.09540075068710117,0.04917574452978124,0.046225006157319934,0.023333808137359597,0.053206539558822874,-0.029872731421463277,0.01205947609323087,0.0018267781022907252,0.010232697990940145,0.11005853494095996,0.03196078929058828,0.07809774565037168,0.0024563473292179266,0.007459985972469967,-0.0050036386432520405,0.041474898383782946,0.005210472354192367,0.03626442602959058,0.015768399354327552,0.0007049837637875188,0.015063415590540034,0.007267455159046482,0.0005104683340245296,0.006756986825021952,0.0,0.00048668946466995806,-0.00048668946466995806,0.0,0.005150777443602036,-0.005150777443602036
2023-01-31,0.14735499533879273,0.2749576410518377,-0.12760264571304494,0.22027327315150286,0.22196881070601612,-0.0016955375545132656,0.2020391745573646,0.15474711371812855,0.04729206083923604,0.11055553761404927,0.12660003933544114,-0.01604450172139188,0.02496098254447246,0.04700481646562968,-0.02204383392115722,0.08554506591810573,0.05783239911570554,0.027712666802400192,0.03128216701513941,0.065951827026841,-0.034669660011701596,0.05196022692365028,0.0019474300167781125,0.050012796906872166,0.071911035770375,0.029417074638350582,0.042493961132024416,0.0038796978911640285,0.007917545403424398,-0.004037847512260369,0.03442649719744963,0.004583619806852122,0.02984287739059751,5.425499201744226e-05,0.0006455940259676428,-0.0005913390339502006,0.01575709108591669,0.0005855105069777921,0.015171580578938899,0.0,0.0004938724307411941,-0.0004938724307411941,0.0,0.0053467057513084644,-0.0053467057513084644
2023-02-28,0.12757226494421772,0.2772611664949679,-0.14968890155075018,0.2010005464900889,0.22071323635436474,-0.01971268986427585,0.15891415448992827,0.13729679011597973,0.02161736437394854,0.09693753194166056,0.1147887002202363,-0.017851168278575733,0.03712261161018968,0.05391796165792438,-0.0167953500477347,0.08912812509411004,0.06816894146624213,0.020959183627867917,0.06313040890038306,0.07737633899812948,-0.014245930097746426,0.09030552093652149,0.0019585034724760894,0.0883470174640454,0.051559299399511774,0.029454874067111475,0.0221044253324003,0.006990468573224607,0.007500242649150253,-0.0005097740759256461,0.03162224726521481,0.004528272607874474,0.027093974657340335,0.04164779140335075,0.0007295154439051565,0.040918275959445596,0.004069028951598418,0.0005314121955674734,0.0035376167560309444,0.0,0.0004381832432164027,-0.0004381832432164027,0.0,0.005335861012853875,-0.005335861012853875
2023-03-31,0.1482601456745197,0.27513438115503114,-0.12687423548051144,0.2327863847365342,0.22631005737020018,0.006476327366334023,0.12772452315628874,0.14027538653156782,-0.012550863375279081,0.09203047621024922,0.11161699674663489,-0.019586520536385668,0.04084864150156866,0.057945455569714685,-0.017096814068146025,0.0866348476816962,0.07235134388176263,0.014283503799933567,0.035680153486057534,0.06922281483289643,-0.03354266134683889,0.08991246884708792,0.0018725227409980955,0.08803994610608983,0.10043608745901804,0.028206200959019368,0.07222988649999867,0.008815721629746672,0.006963754622671146,0.0018519670070755254,0.003111849066855319,0.004016933779792101,-0.0009050847129367821,0.03375870055037774,0.0005698792776751928,0.03318882127270255,0.0,0.0004331530480215397,-0.0004331530480215397,0.0,0.00039014770716459265,-0.00039014770716459265,0.0,0.004690971776850223,-0.004690971776850223
2023-04-28,0.1567472797337312,0.2771905445531158,-0.12044326481938461,0.2842113300697844,0.2358866358618295,0.04832469420795488,0.14899140552068182,0.14129207440158204,0.007699331119099789,0.08381111008060012,0.11171121468278407,-0.02790010460218395,0.057186121594174785,0.06358885003515564,-0.006402728440980859,0.12562008320132154,0.07076722214381252,0.054852861057509014,0.01752588006558876,0.05377039159070493,-0.036244511525116166,0.036557462371352885,0.0016947678608861673,0.03486269451046672,0.056501647055715594,0.026969039496578386,0.029532607559137208,0.002444393232598584,0.00727239965163225,-0.0048280064190336655,0.006771220733232859,0.003932948144603666,0.0028382725886291925,0.023632066341217423,0.0005849769553998528,0.02304708938581757,0.0,0.00035813409732575783,-0.00035813409732575783,0.0,0.00034125242590070116,-0.00034125242590070116,0.0,0.004639548098688728,-0.004639548098688728
2023-05-31,0.13003045964540147,0.2572243850688147,-0.1271939254234132,0.2281820056773545,0.22528505660825032,0.0028969490691041766,0.1396034385639767,0.14423082329154677,-0.004627384727570072,0.09571396490074897,0.11414860828477258,-0.018434643384023605,0.05340007779566145,0.06259259559003791,-0.009192517794376458,0.2275773526658007,0.08622083457802178,0.14135651808777894,0.013860993486153392,0.05963558367654924,-0.04577459019039585,0.04775695599587961,0.0028751655347160608,0.04488179046116355,0.0437225090119874,0.031079885908138042,0.012642623103849355,0.0,0.0068863838657405385,-0.0068863838657405385,0.0,0.0035144985758457444,-0.0035144985758457444,0.020152242257035758,0.0006761956896590128,0.019476046567376747,0.0,0.0002639833960170615,-0.0002639833960170615,0.0,0.00033530916073870116,-0.00033530916073870116,0.0,0.005030690771151322,-0.005030690771151322
2023-06-30,0.12054772658533011,0.26231677078173277,-0.14176904419640265,0.17094172538697808,0.2177089038941195,-0.04676717850714143,0.09829015712742388,0.13136497753335133,-0.03307482040592745,0.09551181856497266,0.1150019728912348,-0.019490154326262138,0.050347814812052326,0.06323440495632833,-0.012886590144276004,0.24027786639805118,0.08983725251897835,0.15044061387907282,0.03220406095224078,0.07133617610682103,-0.039132115154580246,0.0797776681240838,0.00279227337076827,0.07698539475331552,0.07186040914439266,0.03077883343673949,0.041081575707653174,0.0003406711238932107,0.005943339141391373,-0.0056026680174981625,0.0,0.0032751332147459445,-0.0032751332147459445,0.03990008178058136,0.0008087358473535579,0.0390913459332278,0.0,0.0002931607662452564,-0.0002931607662452564,0.0,0.00033509513906090406,-0.00033509513906090406,0.0,0.004972970401129241,-0.004972970401129241
2023-07-31,0.1148887603513286,0.25611790256246325,-0.14122914221113464,0.1403350241007791,0.2068739865395684,-0.06653896243878929,0.12643587447118831,0.13891303157767823,-0.012477157106489917,0.06945577839827975,0.11369039825149259,-0.044234619853212837,0.05957897704117278,0.06795287157044327,-0.008373894529270495,0.3019327940386297,0.0956705916299922,0.20626220240863752,0.049842457413873824,0.07035764734143622,-0.020515189927562398,0.048581262253032866,0.003483805162877761,0.045097457090155106,0.05800740255334863,0.03074005978048171,0.02726734277286692,0.0,0.006481359729603096,-0.006481359729603096,0.0,0.003157369295761536,-0.003157369295761536,0.03094166937836638,0.000818686166902894,0.030122983211463488,0.0,0.0003087208487416273,-0.0003087208487416273,0.0,0.00029816138294443297,-0.00029816138294443297,0.0,0.00513540815961273,-0.00513540815961273
2023-08-31,0.11324091372239739,0.24617896143037465,-0.13293804770797726,0.13880017644728165,0.20410230116402422,-0.06530212471674257,0.11514169510777723,0.14452303384383,-0.029381338736052767,0.10226251589375686,0.11934728329646929,-0.017084767402712434,0.049601760807250705,0.06381374885245154,-0.014211988045200838,0.27296427599183326,0.10217509661465471,0.17078917937717855,0.034905589067567314,0.0686558364943908,-0.03375024742682349,0.08313708815762944,0.002701691687501592,0.08043539647012785,0.037882530268762434,0.03192169896081704,0.005960831307945391,0.0016231560262213538,0.006420610149668569,-0.004797454123447216,0.0,0.003192620586145488,-0.003192620586145488,0.05044029850952231,0.0012562881640436358,0.049184010345478674,0.0,0.0002828056137512873,-0.0002828056137512873,0.0,0.0003026082810354045,-0.0003026082810354045,0.0,0.005125414860841747,-0.005125414860841747
2023-09-29,0.10544430562612811,0.23901192227281076,-0.13356761664668265,0.14083388894600132,0.20947502319558373,-0.0686411342495824,0.12864164220067476,0.1478849589977097,-0.01924331679703495,0.08316300464169422,0.11711507573747719,-0.033952071095782965,0.05621936983471303,0.0689772797427104,-0.012757909907997363,0.27391048605769414,0.0959378787141538,0.17797260734354034,0.03032501119343687,0.07091564712375674,-0.04059063593031987,0.07062763676280412,0.0030742621096623616,0.06755337465314176,0.03879706124601137,0.030610271632111472,0.0081867896138999,0.0,0.006653468137935937,-0.006653468137935937,0.0019531578428587594,0.003401294582488572,-0.0014481367396298127,0.07008443564798333,0.0012639886215515715,0.06882044702643177,0.0,0.00026651818768145006,-0.00026651818768145006,0.0,0.000270292322102137,-0.000270292322102137,0.0,0.00514211862226408,-0.00514211862226408
2023-10-31,0.09892502503439893,0.24036429891418107,-0.14143927387978214,0.2110056995362253,0.22623556468643255,-0.015229865150207245,0.11053256860719834,0.1404902702660031,-0.029957701658804764,0.10921352645493451,0.12382176769353664,-0.014608241238602132,0.05712309455181304,0.06970238617284061,-0.012579291621027569,0.24773141999119117,0.09068302665297297,0.15704839333821818,0.01802423414698833,0.057479348044632755,-0.039455113897644424,0.032165828258089495,0.002867151044979624,0.029298677213109872,0.04274894604786667,0.0312637222537955,0.011485223794071173,0.0061543300313659875,0.00661042115684725,-0.00045609112548126215,0.007166851955750189,0.003429353021711113,0.0037374989340390762,0.059208475384177936,0.0013485612450926745,0.05785991413908526,0.0,0.00021075826688184347,-0.00021075826688184347,0.0,0.00023651150425322716,-0.00023651150425322716,0.0,0.005256859075839372,-0.005256859075839372
2023-11-30,0.09216508006512428,0.2383146653594282,-0.1461495852943039,0.20514434328597317,0.2271754103031739,-0.02203106701720073,0.09677146605797156,0.13449946898674406,-0.0377280029287725,0.10844361642623093,0.12178518370842878,-0.013341567282197847,0.061151454245848905,0.06782051368145606,-0.0066690594356071525,0.20649322295669567,0.09318983591836054,0.11330338703833513,0.003515754199181365,0.061565866329660206,-0.058050112130478844,0.10251743830813768,0.0035194546187709433,0.09899798368936674,0.03746440710094381,0.03505546323403993,0.0024089438669038787,0.00957278397024719,0.00674246929916009,0.0028303146710870995,0.0,0.003072802065032964,-0.003072802065032964,0.05042248499055599,0.0013434326443286602,0.04907905234622733,0.0,0.00026098405579422256,-0.00026098405579422256,0.0,0.00023132511972144735,-0.00023132511972144735,0.026337948393089373,0.0054231246759001185,0.020914823717189255
2023-12-29,0.0874478494702565,0.23345217574077531,-0.14600432627051882,0.1764198605926365,0.2178950389052087,-0.04147517831257219,0.09288082757645223,0.1369042258735028,-0.044023398297050556,0.11479008465713242,0.12241485789722135,-0.007624773240088936,0.05714126129491597,0.07091798392084064,-0.013776722625924671,0.23732560640673386,0.09536464516582248,0.1419609612409114,0.0,0.06158337627752362,-0.06158337627752362,0.0601408006694603,0.002912858129765991,0.05722794253969431,0.06739198560498177,0.0407408437078396,0.026651141897142176,0.05013902226258137,0.007344768865672825,0.042794253396908545,0.0,0.0029697687311603764,-0.0029697687311603764,0.03927637104680163,0.0014283439356854585,0.03784802711111617,0.0,0.00025852142911710887,-0.00025852142911710887,0.0,0.00027381931988244195,-0.00027381931988244195,0.017046330418047432,0.005538772099981278,0.011507558318066154
2024-01-31,0.08302135858730177,0.21771738603319327,-0.1346960274458915,0.17985688102578273,0.2255839970659986,-0.04572711604021587,0.10573364269725358,0.1338023354511641,-0.028068692753910524,0.0940346470003082,0.12247033523723977,-0.028435688236931572,0.05832566688906297,0.0765596347588418,-0.01823396786977883,0.3216300200450835,0.11604652497449666,0.20558349507058685,0.0,0.045547536661284686,-0.045547536661284686,0.023858907023627952,0.0026735127505673312,0.021185394273060622,0.0760418685867011,0.042182054928440085,0.03385981365826102,0.0009576333762727361,0.007228310547025411,-0.006270677170752675,0.0,0.002908705881338129,-0.002908705881338129,0.052827836259126106,0.0016407300785449333,0.05118710618058117,0.0,0.00019366825606385648,-0.00019366825606385648,0.0,0.00028108191565193673,-0.00028108191565193673,0.003711538509479262,0.005164185460149192,-0.00145264695066993
2024-02-29,0.07913723657895061,0.19646426546197493,-0.11732702888302432,0.17225417006538526,0.21634252902303291,-0.04408835895764765,0.08338740073556297,0.1217401335483392,-0.03835273281277622,0.10802292153675605,0.12923945801453068,-0.021216536477774633,0.08609240234378925,0.0879849524677663,-0.0018925501239770576,0.30938651007943163,0.1392154495419035,0.17017106053752812,0.0011691927608177832,0.04525631776826472,-0.04408712500744694,0.056198560459434346,0.003906264121201996,0.05229229633823235,0.06444586253944443,0.04242166618182062,0.02202419635762381,0.00862636387360144,0.007040676964498652,0.0015856869091027872,0.0,0.002681238357187074,-0.002681238357187074,0.03127937902682618,0.0018180675514783053,0.029461311475347876,0.0,0.00013887858165919663,-0.00013887858165919663,0.0,0.0002299524165075107,-0.0002299524165075107,0.0,0.00552014999983439,-0.00552014999983439
2024-03-28,0.06492147067877871,0.18200031297545877,-0.11707884229668006,0.14985443301645623,0.21486512367412125,-0.06501069065766502,0.09398747908440727,0.12953443977633652,-0.03554696069192925,0.0990560458425163,0.12878133263251101,-0.029725286789994712,0.06486858206507992,0.08508599869158263,-0.020217416626502713,0.3081065990092141,0.15525852791205183,0.15284807109716228,0.0,0.03847985991658231,-0.03847985991658231,0.04285015281920678,0.003499484612222135,0.03935066820698464,0.0776447525793298,0.04221673415815557,0.03542801842117423,0.023889482424820616,0.00897278866386399,0.014916693760956626,0.0,0.0026181156141584934,-0.0026181156141584934,0.059975852049977615,0.002144128463309974,0.05783172358666764,0.0,0.0001744280039745512,-0.0001744280039745512,0.0,0.00021935035344337645,-0.00021935035344337645,0.014845150430212744,0.006149374552227617,0.008695775877985127
2024-04-30,0.07013521391147637,0.1859270099460899,-0.11579179603461354,0.14734422837597022,0.20454674696758898,-0.05720251859161876,0.13608043717948715,0.14299578185160497,-0.0069153446721178236,0.08365462962868497,0.1284976720145518,-0.04484304238586684,0.025819337464052593,0.07714078706015014,-0.051321449596097544,0.32570731025422234,0.15269152812190862,0.17301578213231372,0.003647027407404295,0.04131877592473657,-0.03767174851733227,0.026940706545358368,0.0034364513916571187,0.023504255153701248,0.052662442685104616,0.042595195121934666,0.01006724756316995,0.026869930912098904,0.008842352694033627,0.018027578218065277,0.0,0.002978100548056166,-0.002978100548056166,0.08835131242254293,0.0024609687996047236,0.08589034362293821,0.0,0.00017763875993113463,-0.00017763875993113463,0.0,0.0002084914967891633,-0.0002084914967891633,0.012787423213597361,0.006182499301362528,0.006604923912234833
2024-05-31,0.08158952548978979,0.19082982287606357,-0.10924029738627378,0.13103640997218383,0.19972379369757495,-0.06868738372539113,0.13604135443411008,0.13856557617166043,-0.0025242217375503473,0.10389972601591056,0.11885820641708764,-0.014958480401177074,0.018711380790102157,0.07666085940178521,-0.05794947861168306,0.32378614713508413,0.17458162147089323,0.1492045256641909,0.0,0.03676363941508989,-0.03676363941508989,0.031047797051043855,0.0031252259089113946,0.02792257114213246,0.03950234146229008,0.039854370444277455,-0.0003520289819873776,0.017305165338872355,0.008960332857336101,0.008344832481536254,0.018809570301522822,0.0031208583256252995,0.015688711975897524,0.0871035040577286,0.0023764589379623286,0.08472704511976627,0.007515909562625011,0.00023983161835056143,0.00727607794427445,0.0,0.00019035227439059938,-0.00019035227439059938,0.0036511683887365783,0.0061490501829911835,-0.002497881794254605
2024-06-28,0.07804370834165165,0.19082685790173348,-0.11278314956008183,0.12013255798093259,0.1962748350954294,-0.07614227711449681,0.13226076056726405,0.1334564216830462,-0.0011956611157821484,0.09017060514980758,0.11882603838177933,-0.02865543323197174,0.015478558839747658,0.07557792888679872,-0.060099370047051064,0.37205118572724305,0.1795662916103894,0.19248489411685366,0.0,0.03728766985949267,-0.03728766985949267,0.02635836185610767,0.0033328619118391163,0.023025499944268554,0.08931566228544179,0.044157997760619086,0.0451576645248227,0.008173338359881082,0.00861740160448121,-0.0004440632446001281,0.02860884856727669,0.0027775229309450356,0.025831325636331656,0.027001984371618028,0.0019147917538587804,0.025087192617759248,0.0,0.00016418281350950105,-0.00016418281350950105,0.0,0.00020338419485968454,-0.00020338419485968454,0.01240442795302827,0.0070158136112181335,0.0053886143418101365
2024-07-31,0.09306037614937275,0.20614751730561498,-0.11308714115624223,0.13727130097494986,0.18824221626400808,-0.05097091528905823,0.12653141660948355,0.12841698402927132,-0.0018855674197877648,0.07549510171222587,0.11779206627085467,-0.0422969645586288,0.0,0.07291919030183018,-0.07291919030183018,0.3074682354267492,0.1742633584380459,0.1332048769887033,0.0,0.044879898135389215,-0.044879898135389215,0.0412102294151139,0.0036249473358053296,0.03758528207930857,0.087951896418348,0.04527740627963548,0.042674490138712516,0.03861660167036813,0.007371599323813392,0.031245002346554737,0.02127516921817168,0.0029650771278987445,0.018310092090272935,0.06272568232652759,0.0017872609339636735,0.06093842139256391,0.0,0.00018607743239793686,-0.00018607743239793686,0.0,0.00021189446905564346,-0.00021189446905564346,0.008393990078689465,0.005914506352415474,0.002479483726273991
2024-08-30,0.11560782612060974,0.21070983660778825,-0.0951020104871785,0.1300242906820413,0.18764446821447792,-0.05762017753243662,0.11661295285800832,0.12234517640019772,-0.005732223542189399,0.053065519323428095,0.11337875262414517,-0.06031323330071707,0.029517026915477418,0.07982242181779717,-0.05030539490231975,0.2766717633550413,0.17720676436185895,0.09946499899318234,0.0,0.04139486654768894,-0.04139486654768894,0.11852743202152162,0.004265339068862122,0.1142620929526595,0.0745686111585091,0.04586740210050349,0.028701209058005613,0.009959204066706346,0.0064582160788924725,0.0035009879878138738,0.017991728490528783,0.0033427473548193775,0.014648981135709406,0.044320213861224145,0.001885058982257681,0.042435154878966465,0.0,0.00016407949683853334,-0.00016407949683853334,0.0,0.00023707968507865611,-0.00023707968507865611,0.013133431146903742,0.0052777906587935875,0.007855640488110154
2024-09-30,0.10138702697678667,0.20578202378536817,-0.1043949968085815,0.10955851022342981,0.1857921926510955,-0.07623368242766569,0.08858157143498648,0.11906258239995687,-0.030481010964970398,0.0685843422498671,0.11360002400363994,-0.04501568175377284,0.053505417205024865,0.0841319591733133,-0.030626541968288436,0.3331836860514343,0.17304101167048075,0.16014267438095353,0.03366541056825523,0.04855112096894352,-0.014885710400688291,0.09091107007908969,0.0048379788129274785,0.08607309126616221,0.07108608012416831,0.04680037028341435,0.024285709840753962,0.0,0.0066800509734762795,-0.0066800509734762795,0.0197911525530658,0.004070200452789712,0.01572095210027609,0.029745732533891747,0.002168061118304999,0.027577671415586747,0.0,0.00013995020959588076,-0.00013995020959588076,0.0,0.00025035189686592284,-0.00025035189686592284,0.0,0.005092121599827313,-0.005092121599827313
2024-10-31,0.07956344282103812,0.19935928306428494,-0.11979584024324681,0.13144784412357546,0.17535312345583934,-0.043905279332263875,0.1109699118514738,0.12211854546713541,-0.01114863361566161,0.05914330456277608,0.11355102054060906,-0.05440771597783298,0.028483230078260906,0.0831946313686037,-0.054711401290342784,0.3554329328858466,0.18901837504185354,0.16641455784399306,0.0532416864549079,0.04655128684824551,0.006690399606662387,0.0648488930460189,0.0054006502847774645,0.059448242761241436,0.05536999897316775,0.04602254521448043,0.00934745375868732,0.0,0.006412794203027079,-0.006412794203027079,0.0227660278564772,0.004826359144775518,0.017939668711701683,0.038732727346457343,0.0023808929649830578,0.03635183438147428,0.0,0.0001271248239418027,-0.0001271248239418027,0.0,0.00025440464792553534,-0.00025440464792553534,0.0,0.005428962929517878,-0.005428962929517878
2024-11-29,0.0433199107735328,0.19717426565682794,-0.15385435488329513,0.10375543895311455,0.1730422672777683,-0.06928682832465376,0.10414305803254328,0.11417367379033856,-0.010030615757795278,0.08083763646304949,0.1201459472666876,-0.039308310803638113,0.02905044375923145,0.07971659131632287,-0.05066614755709142,0.314930365854533,0.18608857920690647,0.12884178664762652,0.050074095990825865,0.06089748527963464,-0.010823389288808778,0.15226750079965545,0.008395809621581376,0.14387169117807408,0.03567888682931817,0.04160693017149359,-0.005928043342175421,0.008333504762081292,0.005978349246880547,0.002355155515200745,0.032298158291325055,0.00506210260361511,0.027236055687709947,0.042818899739984415,0.0026323078663753607,0.040186591873609054,0.0024920997508051713,0.0003448567497128779,0.0021472430010922934,0.0,0.0003283915715681313,-0.0003283915715681313,0.0,0.004412442374286438,-0.004412442374286438
2024-12-31,0.059193263450696615,0.1971723175492595,-0.1379790540985629,0.08657542020282846,0.16323629151296265,-0.07666087131013419,0.09303055435079115,0.12105576258782687,-0.02802520823703572,0.07625110384708332,0.1201632571620772,-0.043912153314993874,0.009091830569849968,0.07702087242408673,-0.06792904185423676,0.27357368563915824,0.17130797878812437,0.10226570685103387,0.05378692952808306,0.06752546275859424,-0.013738533230511177,0.19668095133477176,0.008971043567616192,0.18770990776715557,0.0761817482972573,0.05660586791378772,0.019575880383469572,0.0,0.004884308338814835,-0.004884308338814835,0.022498733815159266,0.004722927654079681,0.017775806161079585,0.027616077744578603,0.002221170539088751,0.025394907205489852,0.025519701219742237,0.00026443825320908866,0.02525526296653315,0.0,0.00030041566128585914,-0.00030041566128585914,0.0,0.0045478852891866215,-0.0045478852891866215
2025-01-31,0.03711391064921746,0.18455505457578578,-0.14744114392656832,0.09569941957364092,0.16062623273250445,-0.06492681315886353,0.09752233451753292,0.1304997981611356,-0.032977463643602684,0.09125580534482058,0.13010274014550555,-0.03884693480068496,0.042847801630224,0.09090022283666105,-0.048052421206437046,0.25826657190614705,0.15307609289495466,0.10519047901119238,0.04224593803003054,0.06774789527996401,-0.025501957249933475,0.19299726029186343,0.009778879846287985,0.18321838044557545,0.07610419993079391,0.05399263990871331,0.022111560022080604,0.0,0.005292021054040234,-0.005292021054040234,0.024963460489286743,0.0053507645272102425,0.0196126959620765,0.0,0.0022864640589124402,-0.0022864640589124402,0.04098329763644247,0.00028058113233077396,0.0407027165041117,0.0,0.0003042048882792377,-0.0003042048882792377,0.0,0.005206407957714524,-0.005206407957714524
2025-02-28,0.0771137524059466,0.20096615181828986,-0.12385239941234326,0.1281442767685178,0.16325481548718465,-0.035110538718666845,0.1039733300970809,0.11545995658524877,-0.011486626488167867,0.1060973600429491,0.12444768362504512,-0.018350323582096012,0.061493404179628695,0.09365254734660185,-0.03215914316697315,0.2023445983282797,0.1686113152696069,0.03373328305867279,0.007534025891820298,0.05213012244489694,-0.04459609655307664,0.19772767271557012,0.011017517951368858,0.18671015476420127,0.0664632701596102,0.051711050084575966,0.01475222007503424,0.0,0.005770748552121732,-0.005770748552121732,0.016666955230235533,0.005115591983454528,0.011551363246781004,0.0,0.0020046292940931066,-0.0020046292940931066,0.03244135418036111,0.0003061382632475014,0.0321352159171136,0.0,0.00026922266944663355,-0.00026922266944663355,0.0,0.005282508624817328,-0.005282508624817328
2025-03-31,0.08395000570625338,0.20503567083897703,-0.12108566513272365,0.12134720651054175,0.17147332016492112,-0.05012611365437937,0.08421514537323778,0.1164082153902089,-0.03219307001697112,0.10431175014293992,0.12389467916228247,-0.019582929019342554,0.04537014880449623,0.08972932083504623,-0.044359172030549995,0.1670886809080293,0.1624917484428485,0.0045969324651808086,0.0,0.05122077745562777,-0.05122077745562777,0.22094886936804903,0.012163082497670522,0.20878578687037852,0.05208346272126389,0.04837305366076052,0.003710409060503371,0.04817527485178192,0.0059667448052109166,0.042208530046571005,0.022284807502787385,0.0051274653192931435,0.01715734218349424,0.0,0.0016892682714985715,-0.0016892682714985715,0.031037218557986322,0.00027845878715226924,0.030758759770834053,0.0,0.00026507284001364375,-0.00026507284001364375,0.019187429552633136,0.0058831215284885574,0.01330430802414458
2025-04-30,0.09039205172753478,0.19368849900048848,-0.1032964472729537,0.14407550370617628,0.17828689288058594,-0.03421138917440966,0.12383862976092636,0.11767098693849042,0.00616764282243594,0.08336746212005053,0.1187504287539287,-0.035382966633878174,0.023485460502552298,0.0840918819545302,-0.0606064214519779,0.15651127821739916,0.16125474027191233,-0.004743462054513176,0.0,0.055143623253819565,-0.055143623253819565,0.18673745594982588,0.016957759142217404,0.1697796968076085,0.0628254522462492,0.05491057171362281,0.007914880532626394,0.031116444752204726,0.005217938819879153,0.025898505932325573,0.05858515223593119,0.0061409704093872055,0.052444181826543985,0.0,0.001974313117724982,-0.001974313117724982,0.03906510878114961,0.0002562274069714582,0.03880888137417815,0.0,0.000247894832838373,-0.000247894832838373,0.0,0.005407271503602976,-0.005407271503602976
2025-05-30,0.03964764828371593,0.16157269966403373,-0.1219250513803178,0.16406368905788718,0.184290081591775,-0.020226392533887833,0.10851082498171938,0.1125998302779959,-0.004089005296276524,0.0820766550367286,0.11722419849045372,-0.035147543453725116,0.029727348806094928,0.08768428550236848,-0.05795693669627355,0.16505881477451642,0.17758590917339145,-0.012527094398875033,0.004903931100963488,0.060104200089480336,-0.05520026898851685,0.2511830388762497,0.01674990255790138,0.23443313631834833,0.06680255202595524,0.06130356885560281,0.0054989831703524325,0.017150559626183642,0.005685781539272939,0.011464778086910703,0.04217971849305696,0.0069529403055155516,0.03522677818754141,0.0,0.0022154090572015666,-0.0022154090572015666,0.008654596043939238,0.00023101996589417931,0.008423576078045059,0.02004062289298936,0.00027017459821466994,0.01977044829477469,0.0,0.005529998330897928,-0.005529998330897928
2025-06-30,9.865993328207756e-05,0.15262320516299965,-0.1525245452297176,0.15829190118567946,0.1841320799129461,-0.025840178727266655,0.09320053528399215,0.10685176180438913,-0.013651226520396978,0.07334056619394642,0.1160031066970331,-0.04266254050308668,0.022608318454959628,0.09242907124780864,-0.06982075279284901,0.17240951964980522,0.19199808240887076,-0.019588562759065536,0.0,0.05095946007692377,-0.05095946007692377,0.23978064837706342,0.016022597570682053,0.22375805080638136,0.07331094253753986,0.06457344122664968,0.008737501310890183,0.08297839894129277,0.006869783181156119,0.07610861576013665,0.04511201178744059,0.007193083307962876,0.03791892847947772,0.010748180729005349,0.0024373683150391615,0.008310812413966187,0.0,0.00027666508815071307,-0.00027666508815071307,0.028120316925993052,0.0003285751737080359,0.027791741752285017,0.0,0.007301718825680032,-0.007301718825680032
2025-07-31,0.0,0.1447269420268462,-0.1447269420268462,0.12453032435872144,0.18512447192255893,-0.06059414756383749,0.09079958255252803,0.10860523611598553,-0.017805653563457507,0.05799583795024589,0.11602480479201337,-0.058028966841767476,0.013605149796827325,0.09070396612940154,-0.07709881633257422,0.20737523358568885,0.20260403316722236,0.004771200418466487,0.0,0.04641699080060958,-0.04641699080060958,0.20295450872335485,0.01744494098100342,0.18550956774235144,0.07731121384502938,0.06448786073825322,0.012823353106776167,0.06834647630764716,0.005701880893727438,0.06264459541391973,0.08551873349099588,0.008391055437075861,0.07712767805392003,0.026974663716123153,0.0025955456848701613,0.02437911803125299,0.01165069218129249,0.0004053467885143384,0.011245345392778152,0.03293758349154555,0.00035663457627248485,0.032580948915273064,0.0,0.006410289945645601,-0.006410289945645601
2025-08-29,0.0067111670342857865,0.15895294956283434,-0.15224178252854856,0.1318297888880838,0.17377587498656027,-0.04194608609847647,0.08359534341804237,0.1189737072962044,-0.03537836387816204,0.0551789714507082,0.11268498713648792,-0.05750601568577972,0.008576705979039381,0.08562202395955482,-0.07704531798051543,0.20023395961961432,0.19528903378329127,0.004944925836323055,0.0,0.04968678064386472,-0.04968678064386472,0.2502355554573583,0.017153288113157146,0.23308226734420118,0.06021139603286654,0.06453838990544168,-0.004326993872575138,0.042576385082399644,0.006145191042998081,0.036431194039401565,0.07407100009533295,0.007699079995083149,0.0663719201002498,0.011601441544432031,0.002247323054567483,0.009354118489864548,0.03867274368721034,0.0005715698639586524,0.038101173823251684,0.03650554171062635,0.0004283327182739033,0.03607720899235245,0.0,0.006231467937722263,-0.006231467937722263
2025-09-30,0.024406051092121697,0.1616303852123175,-0.1372243341201958,0.10702344483955845,0.16467581254499525,-0.0576523677054368,0.09518181081744063,0.12586702558901822,-0.030685214771577582,0.03960521234439905,0.10016094326446467,-0.06055573092006562,0.0,0.07891018440427111,-0.07891018440427111,0.18921853514512882,0.1939275389653718,-0.004709003820242974,0.0,0.06325081733904259,-0.06325081733904259,0.23606723051025236,0.018510491471633583,0.21755673903861877,0.09163186057651279,0.06663818456059936,0.02499367601591343,0.0473991346471904,0.008009301018965489,0.039389833628224916,0.052310582050472516,0.007159767706728994,0.045150814343743524,0.0,0.002464075292888997,-0.002464075292888997,0.06914465804266304,0.0008464407116028978,0.06829821733106015,0.04801147993426018,0.00048647389982372537,0.047525006034436455,0.0,0.007462558018275856,-0.007462558018275856
2025-10-31,0.03220227087452499,0.16008396665092228,-0.1278816957763973,0.10596929265974572,0.15421274956513972,-0.048243456905394,0.12880164321251725,0.13611028762157906,-0.007308644409061815,0.04039179430387758,0.10461399470182524,-0.06422220039794765,0.0,0.06549621437551381,-0.06549621437551381,0.20706810279778687,0.1971659575353882,0.00990214526239866,0.0,0.06084411376293585,-0.06084411376293585,0.1702685452016504,0.019056750295804586,0.15121179490584583,0.09215328102574095,0.06994373887884621,0.022209542146894745,0.05857441811133605,0.010064614585688884,0.04850980352564716,0.014482892782693853,0.006361571442406927,0.008121321340286926,0.0027054214598459443,0.0029546909367421594,-0.0002492694768962151,0.10543494061145385,0.001252486354325871,0.10418245425712798,0.02767968445603408,0.0005727297918187884,0.027106954664215293,0.014267712502792513,0.011266133501062228,0.003001579001730285
2025-11-28,0.059962965195407794,0.16736451702151908,-0.10740155182611129,0.10132094098754874,0.14853444604333713,-0.04721350505578839,0.16547619342960904,0.15692050138145194,0.008555692048157093,0.04790595072250543,0.10126928738858752,-0.05336333666608209,0.0,0.06635162777944499,-0.06635162777944499,0.19126478797573113,0.17470487430153864,0.01655991367419249,0.0007708860246056319,0.05811178737034842,-0.05734090134574278,0.1239073847069894,0.016300986404487527,0.10760639830250188,0.07652459175098902,0.07729421189721497,-0.0007696201462259467,0.0574659398364391,0.010809545131337063,0.046656394705102036,0.0,0.006609867657216528,-0.006609867657216528,0.0,0.0027912187640650623,-0.0027912187640650623,0.10596258098042735,0.0010494410991616996,0.10491313988126565,0.037606880799707317,0.0009364160140864617,0.03667046478562085,0.03183089759004016,0.01095127174620289,0.02087962584383727
2025-12-31,0.04577345169850103,0.1636197836270838,-0.11784633192858276,0.08481102467716307,0.14640478309007582,-0.061593758412912744,0.16934448695905782,0.15402906135971797,0.01531542559933985,0.04020428007534407,0.10050395708743115,-0.06029967701208708,0.0,0.06778147302666324,-0.06778147302666324,0.15874508231897372,0.18459007809407807,-0.02584499577510435,0.0,0.06092058676619342,-0.06092058676619342,0.08937178521639194,0.017248456627714636,0.0721233285886773,0.09086473778556459,0.06683745100641425,0.024027286779150336,0.14414332313626482,0.01308402912609881,0.131059294010166,0.0,0.00722267205244933,-0.00722267205244933,0.0,0.0025229746417130797,-0.0025229746417130797,0.09347350298397,0.0008370356116839473,0.09263646737228605,0.03937187640988088,0.0010644200031167516,0.038307456406764126,0.0438964487388881,0.013333237879565635,0.030563210859322468
2026-01-30,0.03028791152425763,0.15306130833049367,-0.12277339680623603,0.059031988554565124,0.12837967047568138,-0.06934768192111626,0.16349012576033017,0.16400101664947636,-0.0005108908891461872,0.042466587759482345,0.10278528189510237,-0.06031869413562003,0.01286566153995691,0.07284499221309465,-0.05997933067313774,0.169436640351701,0.18661084750591256,-0.017174207154211557,0.0,0.06489286281206774,-0.06489286281206774,0.05440812432018152,0.014032126285211178,0.04037599803497034,0.07086883985035208,0.06311291267297041,0.007755927177381675,0.17717558891118887,0.018761749111212856,0.158413839799976,0.009959369690111256,0.007866216560240823,0.0020931531298704325,0.0,0.0028601090837442086,-0.0028601090837442086,0.0656420959011476,0.0014384423385755245,0.06420365356257207,0.05325092558946903,0.0011162378759524455,0.05213468771351658,0.09111614024725652,0.018236226190263702,0.07287991405699282
